time,setpoint,measured,err,sum_err,der,output,l_speed,r_speed
0.032,100,177.168,-77.1678,-1.23469,-4822.99,-1.9292,5.0692,1.2108
0.064,100,184.731,-84.7306,-2.59037,-472.67,-2.11826,5.25826,1.02174
0.096,100,181.891,-81.8913,-3.90064,177.454,-2.04728,5.18728,1.09272
0.128,100,168.414,-68.414,-4.99526,842.33,-1.71035,4.85035,1.42965
0.16,100,163.895,-63.8955,-6.01759,282.41,-1.59739,4.73739,1.54261
0.192,100,163.672,-63.6721,-7.03634,13.9623,-1.5918,4.7318,1.5482
0.224,100,155.503,-55.5029,-7.92439,510.572,-1.38757,4.52757,1.75243
0.256,100,131.268,-31.2677,-8.42467,1514.7,-0.781692,3.92169,2.35831
0.288,100,141.35,-41.3501,-9.08627,-630.151,-1.03375,4.17375,2.10625
0.32,100,143.879,-43.8789,-9.78833,-158.052,-1.09697,4.23697,2.04303
0.352,100,129.273,-29.2728,-10.2567,912.881,-0.73182,3.87182,2.40818
0.384,100,125.918,-25.9175,-10.6714,209.706,-0.647938,3.78794,2.49206
0.416,100,128.369,-28.3688,-11.1253,-153.205,-0.70922,3.84922,2.43078
0.448,100,123.03,-23.0298,-11.4938,333.686,-0.575745,3.71575,2.56425
0.48,100,116.644,-16.6439,-11.7601,399.116,-0.416099,3.5561,2.7239
0.512,100,107.098,-7.09779,-11.8736,596.634,-0.177445,3.31744,2.96256
0.544,100,113.756,-13.7557,-12.0937,-416.116,-0.343891,3.48389,2.79611
0.576,100,110.422,-10.4218,-12.2605,208.365,-0.260545,3.40055,2.87945
0.608,100,104.576,-4.57584,-12.3337,365.374,-0.114396,3.2544,3.0256
0.64,100,106.47,-6.47006,-12.4372,-118.389,-0.161751,3.30175,2.97825
0.672,100,89.0592,10.9408,-12.2621,1088.18,0.273521,2.86648,3.41352
0.704,100,94.0852,5.91477,-12.1675,-314.128,0.147869,2.99213,3.28787
0.736,100,94.6752,5.32482,-12.0823,-36.8718,0.133121,3.00688,3.27312
0.768,100,84.7318,15.2682,-11.838,621.461,0.381705,2.75829,3.52171
0.8,100,82.6241,17.3759,-11.56,131.728,0.434396,2.7056,3.5744
0.832,100,84.7207,15.2793,-11.3155,-131.037,0.381981,2.75802,3.52198
0.864,100,80.4961,19.5039,-11.0035,264.037,0.487596,2.6524,3.6276
0.896,100,73.2984,26.7016,-10.5763,449.861,0.667541,2.47246,3.80754
0.928,100,78.5549,21.4451,-10.2331,-328.533,0.536128,2.60387,3.67613
0.96,100,82.5349,17.4651,-9.95369,-248.752,0.436627,2.70337,3.57663
0.992,100,74.0779,25.9221,-9.53893,528.566,0.648053,2.49195,3.78805
1.024,100,67.1437,32.8563,-9.01323,433.389,0.821409,2.31859,3.96141
1.056,100,74.3893,25.6107,-8.60346,-452.854,0.640267,2.49973,3.78027
1.088,100,67.6647,32.3353,-8.0861,420.288,0.808382,2.33162,3.94838
1.12,100,65.6335,34.3665,-7.53623,126.951,0.859162,2.28084,3.99916
1.152,100,57.8097,42.1903,-6.86119,488.99,1.05476,2.08524,4.19476
1.184,100,62.0825,37.9175,-6.25451,-267.053,0.947937,2.19206,4.08794
1.216,100,62.8384,37.1616,-5.65992,-47.2451,0.929039,2.21096,4.06904
1.248,100,75.5888,24.4112,-5.26934,-796.899,0.610279,2.52972,3.75028
1.28,100,62.9948,37.0052,-4.67726,787.129,0.925131,2.21487,4.06513
1.312,100,76.0394,23.9606,-4.29389,-815.289,0.599015,2.54098,3.73902
1.344,100,64.4829,35.5171,-3.72562,722.28,0.887927,2.25207,4.02793
1.376,100,69.7358,30.2642,-3.24139,-328.308,0.756604,2.3834,3.8966
1.408,100,69.9405,30.0595,-2.76044,-12.7911,0.751488,2.38851,3.89149
1.44,100,56.0895,43.9105,-2.05787,865.687,1.09776,2.04224,4.23776
1.472,100,66.7078,33.2922,-1.5252,-663.645,0.832304,2.3077,3.9723
1.504,100,66.5906,33.4094,-0.990646,7.32425,0.835234,2.30477,3.97523
1.536,100,63.9,36.1,-0.413046,168.165,0.9025,2.2375,4.0425
1.568,100,68.8101,31.1899,0.0859922,-306.884,0.779747,2.36025,3.91975
1.6,100,64.0327,35.9673,0.661469,298.589,0.899182,2.24082,4.03918
1.632,100,69.0404,30.9596,1.15682,-312.983,0.773989,2.36601,3.91399
1.664,100,71.641,28.359,1.61057,-162.532,0.708976,2.43102,3.84898
1.696,100,70.6565,29.3435,2.08006,61.5306,0.733588,2.40641,3.87359
1.728,100,68.1183,31.8817,2.59017,158.638,0.797043,2.34296,3.93704
1.76,100,63.2238,36.7762,3.17859,305.904,0.919405,2.2206,4.0594
1.792,100,67.113,32.887,3.70478,-243.072,0.822176,2.31782,3.96218
1.824,100,66.3238,33.6762,4.2436,49.324,0.841906,2.29809,3.98191
1.856,100,66.3178,33.6822,4.78252,0.373427,0.842055,2.29795,3.98205
1.888,100,72.4187,27.5813,5.22382,-381.308,0.689532,2.45047,3.82953
1.92,100,65.9877,34.0123,5.76801,401.941,0.850308,2.28969,3.99031
1.952,100,67.7732,32.2268,6.28364,-111.593,0.805671,2.33433,3.94567
1.984,100,72.2705,27.7295,6.72731,-281.085,0.693237,2.44676,3.83324
2.016,100,63.1935,36.8065,7.31622,567.312,0.920161,2.21984,4.06016
2.048,100,66.6109,33.3891,7.85044,-213.584,0.834728,2.30527,3.97473
2.08,100,70.1091,29.8909,8.3287,-218.641,0.747271,2.39273,3.88727
2.112,100,72.0748,27.9252,8.7755,-122.854,0.69813,2.44187,3.83813
2.144,100,67.5782,32.4218,9.29425,281.036,0.810544,2.32946,3.95054
2.176,100,69.1085,30.8915,9.78851,-95.64,0.772288,2.36771,3.91229
2.208,100,73.9745,26.0255,10.2049,-304.127,0.650637,2.48936,3.79064
2.24,100,73.335,26.665,10.6316,39.9688,0.666625,2.47338,3.80662
2.272,100,80.3884,19.6116,10.9453,-440.836,0.49029,2.64971,3.63029
2.304,100,82.7354,17.2646,11.2216,-146.689,0.431615,2.70839,3.57161
2.336,100,83.553,16.447,11.4847,-51.097,0.411176,2.72882,3.55118
2.368,100,85.0119,14.9881,11.7245,-91.1825,0.374703,2.7653,3.5147
2.4,100,89.0823,10.9177,11.8992,-254.401,0.272943,2.86706,3.41294
2.432,100,94.4342,5.56575,11.9883,-334.497,0.139144,3.00086,3.27914
2.464,100,95.7497,4.25028,12.0563,-82.2167,0.106257,3.03374,3.24626
2.496,100,96.3224,3.67761,12.1151,-35.7923,0.0919402,3.04806,3.23194
2.528,100,107.743,-7.74279,11.9912,-713.775,-0.19357,3.33357,2.94643
2.56,100,111.74,-11.7395,11.8034,-249.794,-0.293488,3.43349,2.84651
2.592,100,104.519,-4.51909,11.7311,451.276,-0.112977,3.25298,3.02702
2.624,100,111.188,-11.1876,11.5521,-416.781,-0.27969,3.41969,2.86031
2.656,100,116.995,-16.9946,11.2802,-362.936,-0.424864,3.56486,2.71514
2.688,100,125.998,-25.9983,10.8642,-562.737,-0.649959,3.78996,2.49004
2.72,100,119.094,-19.0939,10.5587,431.529,-0.477347,3.61735,2.66265
2.752,100,126.539,-26.5395,10.1341,-465.348,-0.663486,3.80349,2.47651
2.784,100,133.642,-33.6423,9.5958,-443.93,-0.841058,3.98106,2.29894
2.816,100,135.563,-35.5625,9.0268,-120.012,-0.889063,4.02906,2.25094
2.848,100,134.563,-34.5635,8.47379,62.4413,-0.864087,4.00409,2.27591
2.88,100,154.393,-54.3928,7.6035,-1239.34,-1.35982,4.49982,1.78018
2.912,100,153.659,-53.6592,6.74495,45.8515,-1.34148,4.48148,1.79852
2.944,100,156.615,-56.6152,5.83911,-184.749,-1.41538,4.55538,1.72462
2.976,100,175.198,-75.1981,4.63594,-1161.43,-1.87995,5.01995,1.26005
3.008,100,181.552,-81.5517,3.33112,-397.101,-2.03879,5.17879,1.10121
3.04,100,177.725,-77.725,2.08752,239.17,-1.94312,5.08312,1.19688
3.072,100,203.327,-103.327,0.434285,-1600.12,-2.58317,5.72317,0.556827
3.104,100,202.975,-102.975,-1.21331,22.0067,-2.57437,5.71437,0.56563
3.136,100,188.207,-88.2073,-2.62463,922.97,-2.20518,5.34518,0.934818
3.168,100,197.817,-97.8168,-4.1897,-600.598,-2.44542,5.58542,0.694579
3.2,100,196.177,-96.1767,-5.72852,102.51,-2.40442,5.54442,0.735583
3.232,100,188.326,-88.3257,-7.14174,490.685,-2.20814,5.34814,0.931857
3.264,100,190.795,-90.7949,-8.59445,-154.326,-2.26987,5.40987,0.870127
3.296,100,210.408,-110.408,-10.361,-1225.84,-2.76021,5.90021,0.379793
3.328,100,191.4,-91.4,-11.8234,1188.02,-2.285,5.425,0.854999
3.36,100,195.376,-95.376,-13.3494,-248.5,-2.3844,5.5244,0.7556
3.392,100,188.939,-88.9391,-14.7724,402.307,-2.22348,5.36348,0.916522
3.424,100,185.829,-85.8289,-16.1457,194.388,-2.14572,5.28572,0.994278
3.456,100,186.572,-86.5721,-17.5308,-46.4477,-2.1643,5.3043,0.975698
3.488,100,189.384,-89.3835,-18.961,-175.716,-2.23459,5.37459,0.905412
3.52,100,182.278,-82.2785,-20.2774,444.065,-2.05696,5.19696,1.08304
3.552,100,176.872,-76.8725,-21.5074,337.874,-1.92181,5.06181,1.21819
3.584,100,166.799,-66.7991,-22.5762,629.59,-1.66998,4.80998,1.47002
3.616,100,168.549,-68.5488,-23.673,-109.356,-1.71372,4.85372,1.42628
3.648,100,153.229,-53.2289,-24.5246,957.49,-1.33072,4.47072,1.80928
3.68,100,149.216,-49.2164,-25.3121,250.782,-1.23041,4.37041,1.90959
3.712,100,149.413,-49.4135,-26.1027,-12.3184,-1.23534,4.37534,1.90466
3.744,100,133.808,-33.8076,-26.6436,975.369,-0.84519,3.98519,2.29481
3.776,100,126.259,-26.2594,-27.0638,471.764,-0.656484,3.79648,2.48352
3.808,100,121.068,-21.0682,-27.4009,324.446,-0.526706,3.66671,2.61329
3.84,100,123.424,-23.4236,-27.7756,-147.209,-0.58559,3.72559,2.55441
3.872,100,111.012,-11.0117,-27.9518,775.745,-0.275292,3.41529,2.86471
3.904,100,114.72,-14.7202,-28.1874,-231.782,-0.368005,3.508,2.772
3.936,100,113.611,-13.6107,-28.4051,69.3442,-0.340267,3.48027,2.79973
3.968,100,109.153,-9.15309,-28.5516,278.599,-0.228827,3.36883,2.91117
4,100,107.825,-7.82469,-28.6768,83.0251,-0.195617,3.33562,2.94438
4.032,100,99.2554,0.744558,-28.6649,535.578,0.018614,3.12139,3.15861
4.064,100,101.62,-1.61958,-28.6908,-147.758,-0.0404894,3.18049,3.09951
4.096,100,98.0672,1.93278,-28.6598,222.023,0.0483196,3.09168,3.18832
4.128,100,91.4521,8.54793,-28.5231,413.447,0.213698,2.9263,3.3537
4.16,100,84.6154,15.3846,-28.2769,427.294,0.384616,2.75538,3.52462
4.192,100,89.5591,10.4409,-28.1099,-308.983,0.261023,2.87898,3.40102
4.224,100,82.6819,17.3181,-27.8328,429.822,0.432951,2.70705,3.57295
4.256,100,78.5742,21.4258,-27.49,256.732,0.535644,2.60436,3.67564
4.288,100,64.4561,35.5439,-26.9213,882.384,0.888598,2.2514,4.0286
4.32,100,69.8755,30.1245,-26.4393,-338.715,0.753112,2.38689,3.89311
4.352,100,68.4478,31.5522,-25.9344,89.2344,0.788805,2.35119,3.92881
4.384,100,75.3607,24.6393,-25.5402,-432.057,0.615983,2.52402,3.75598
4.416,100,64.6538,35.3462,-24.9747,669.184,0.883656,2.25634,4.02366
4.448,100,74.1421,25.8579,-24.5609,-593.022,0.646447,2.49355,3.78645
4.48,100,67.0344,32.9656,-24.0335,444.231,0.82414,2.31586,3.96414
4.512,100,68.1776,31.8224,-23.5243,-71.4503,0.79556,2.34444,3.93556
4.544,100,65.4662,34.5338,-22.9718,169.463,0.863345,2.27666,4.00334
4.576,100,61.3291,38.6709,-22.3531,258.566,0.966771,2.17323,4.10677
4.608,100,65.948,34.052,-21.8082,-288.681,0.851299,2.2887,3.9913
4.64,100,70.9871,29.0129,-21.344,-314.942,0.725322,2.41468,3.86532
4.672,100,70.2481,29.7519,-20.868,46.1871,0.743797,2.3962,3.8838
4.704,100,68.3307,31.6693,-20.3613,119.841,0.791733,2.34827,3.93173
4.736,100,66.3699,33.6301,-19.8232,122.549,0.840753,2.29925,3.98075
4.768,100,64.8713,35.1287,-19.2611,93.6607,0.878217,2.26178,4.01822
4.8,100,68.3264,31.6736,-18.7544,-215.94,0.791841,2.34816,3.93184
4.832,100,67.4717,32.5283,-18.2339,53.4169,0.813208,2.32679,3.95321
4.864,100,65.5882,34.4118,-17.6833,117.72,0.860296,2.2797,4.0003
4.896,100,66.1108,33.8892,-17.1411,-32.6674,0.847229,2.29277,3.98723
4.928,100,66.4227,33.5773,-16.6039,-19.4909,0.839433,2.30057,3.97943
4.96,100,67.189,32.811,-16.0789,-47.8955,0.820274,2.31973,3.96027
4.992,100,61.162,38.838,-15.4575,376.687,0.970949,2.16905,4.11095
5.024,100,66.7821,33.2179,-14.926,-351.255,0.830447,2.30955,3.97045
5.056,100,68.2646,31.7354,-14.4182,-92.657,0.793384,2.34662,3.93338
5.088,100,68.7804,31.2196,-13.9187,-32.2378,0.780489,2.35951,3.92049
5.12,100,58.6607,41.3393,-13.2573,632.482,1.03348,2.10652,4.17348
5.152,100,61.727,38.273,-12.6449,-191.641,0.956826,2.18317,4.09683
5.184,100,69.8055,30.1945,-12.1618,-504.906,0.754863,2.38514,3.89486
5.216,100,67.9034,32.0966,-11.6483,118.883,0.802416,2.33758,3.94242
5.248,100,67.8776,32.1224,-11.1343,1.61248,0.803061,2.33694,3.94306
5.28,100,73.1436,26.8564,-10.7046,-329.126,0.671411,2.46859,3.81141
5.312,100,71.6225,28.3775,-10.2506,95.0645,0.709437,2.43056,3.84944
5.344,100,64.7889,35.2111,-9.68717,427.104,0.880278,2.25972,4.02028
5.376,100,64.417,35.583,-9.11785,23.2391,0.889574,2.25043,4.02957
5.408,100,65.3462,34.6538,-8.56339,-58.073,0.866345,2.27366,4.00634
5.44,100,71.2306,28.7694,-8.10308,-367.772,0.719236,2.42076,3.85924
5.472,100,72.0038,27.9962,-7.65514,-48.3261,0.699906,2.44009,3.83991
5.504,100,73.1694,26.8306,-7.22585,-72.8513,0.670765,2.46923,3.81077
5.536,100,63.9456,36.0544,-6.64898,576.484,0.901359,2.23864,4.04136
5.568,100,69.9913,30.0087,-6.16884,-377.854,0.750217,2.38978,3.89022
5.6,100,68.9472,31.0528,-5.67199,65.2563,0.77632,2.36368,3.91632
5.632,100,67.5919,32.4081,-5.15346,84.7076,0.810203,2.3298,3.9502
5.664,100,74.5985,25.4015,-4.74704,-437.914,0.635037,2.50496,3.77504
5.696,100,77.8377,22.1623,-4.39244,-202.449,0.554058,2.58594,3.69406
5.728,100,82.839,17.161,-4.11786,-312.58,0.429026,2.71097,3.56903
5.76,100,84.7722,15.2278,-3.87422,-120.826,0.380695,2.7593,3.5207
5.792,100,81.6312,18.3688,-3.58032,196.313,0.459221,2.68078,3.59922
5.824,100,92.0131,7.98687,-3.45253,-648.873,0.199672,2.94033,3.33967
5.856,100,87.7088,12.2912,-3.25587,269.019,0.307279,2.83272,3.44728
5.888,100,93.3799,6.62009,-3.14995,-354.443,0.165502,2.9745,3.3055
5.92,100,96.995,3.00502,-3.10187,-225.942,0.0751256,3.06487,3.21513
5.952,100,106.224,-6.22367,-3.20145,-576.793,-0.155592,3.29559,2.98441
5.984,100,108.811,-8.81097,-3.34242,-161.706,-0.220274,3.36027,2.91973
6.016,100,105.983,-5.98302,-3.43815,176.747,-0.149576,3.28958,2.99042
6.048,100,118.028,-18.0277,-3.72659,-752.791,-0.450692,3.59069,2.68931
6.08,100,113.842,-13.8418,-3.94806,261.616,-0.346046,3.48605,2.79395
6.112,100,113.379,-13.3788,-4.16212,28.9369,-0.334471,3.47447,2.80553
6.144,100,115.176,-15.1757,-4.40494,-112.307,-0.379394,3.51939,2.76061
6.176,100,112.679,-12.6793,-4.6078,156.031,-0.316981,3.45698,2.82302
6.208,100,132.805,-32.8046,-5.13268,-1257.83,-0.820115,3.96011,2.31989
6.24,100,133.644,-33.6438,-5.67098,-52.4507,-0.841095,3.9811,2.2989
6.272,100,143.007,-43.0072,-6.35909,-585.21,-1.07518,4.21518,2.06482
6.304,100,153.663,-53.6635,-7.21771,-666.02,-1.34159,4.48159,1.79841
6.336,100,154.332,-54.3324,-8.08703,-41.8093,-1.35831,4.49831,1.78169
6.368,100,180.038,-80.0382,-9.36764,-1606.61,-2.00095,5.14095,1.13905
6.4,100,172.636,-72.6361,-10.5298,462.633,-1.8159,4.9559,1.3241
6.432,100,194.768,-94.7682,-12.0461,-1383.26,-2.3692,5.5092,0.770795
6.464,100,208.819,-108.819,-13.7872,-878.169,-2.72047,5.86047,0.419528
6.496,100,211.98,-111.98,-15.5789,-197.561,-2.7995,5.9395,0.340503
6.528,100,221.237,-121.237,-17.5187,-578.598,-3.03094,6,0.109064
6.56,100,207.18,-107.18,-19.2336,878.597,-2.6795,5.8195,0.460502
6.592,100,208.994,-108.994,-20.9775,-113.392,-2.72485,5.86485,0.415146
6.624,100,209.328,-109.328,-22.7267,-20.8713,-2.7332,5.8732,0.406797
6.656,100,203.012,-103.012,-24.3749,394.75,-2.5753,5.7153,0.564697
6.688,100,211.284,-111.284,-26.1555,-516.984,-2.7821,5.9221,0.357903
6.72,100,220.956,-120.956,-28.0907,-604.483,-3.02389,6,0.11611
6.752,100,207.694,-107.694,-29.8139,828.84,-2.69235,5.83235,0.447647
6.784,100,218.3,-118.3,-31.7066,-662.841,-2.95749,6,0.18251
6.816,100,214.569,-114.569,-33.5398,233.151,-2.86423,6,0.27577
6.848,100,207.059,-107.059,-35.2527,469.4,-2.67647,5.81647,0.46353
6.88,100,212.644,-112.644,-37.055,-349.088,-2.8161,5.9561,0.323895
6.912,100,209.627,-109.627,-38.809,188.585,-2.74067,5.88067,0.399329
6.944,100,193.462,-93.4623,-40.3044,1010.28,-2.33656,5.47656,0.803441
6.976,100,205.213,-105.213,-41.9878,-734.443,-2.63034,5.77034,0.509664
7.008,100,203.244,-103.244,-43.6397,123.094,-2.5811,5.7211,0.558902
7.04,100,191.272,-91.272,-45.1001,748.245,-2.2818,5.4218,0.8582
7.072,100,187.323,-87.3232,-46.4973,246.797,-2.18308,5.32308,0.956919
7.104,100,169.918,-69.9182,-47.616,1087.82,-1.74795,4.88795,1.39205
7.136,100,163.117,-63.117,-48.6258,425.07,-1.57793,4.71793,1.56207
7.168,100,153.974,-53.9738,-49.4894,571.449,-1.34935,4.48935,1.79065
7.2,100,143.991,-43.9906,-50.1933,623.951,-1.09977,4.23977,2.04023
7.232,100,138.772,-38.7716,-50.8136,326.192,-0.969289,4.10929,2.17071
7.264,100,128.022,-28.0219,-51.262,671.855,-0.700547,3.84055,2.43945
7.296,100,120.939,-20.939,-51.597,442.678,-0.523476,3.66348,2.61652
7.328,100,120.706,-20.7057,-51.9283,14.5853,-0.517642,3.65764,2.62236
7.36,100,110.524,-10.5242,-52.0967,636.34,-0.263106,3.40311,2.87689
7.392,100,114.791,-14.7907,-52.3333,-266.654,-0.369767,3.50977,2.77023
7.424,100,104.215,-4.21494,-52.4008,660.984,-0.105373,3.24537,3.03463
7.456,100,105.722,-5.72243,-52.4923,-94.2181,-0.143061,3.28306,2.99694
7.488,100,97.7621,2.23793,-52.4565,497.522,0.0559482,3.08405,3.19595
7.52,100,99.4484,0.551575,-52.4477,-105.397,0.0137894,3.12621,3.15379
7.552,100,93.4923,6.50775,-52.3436,372.261,0.162694,2.97731,3.30269
7.584,100,82.9361,17.0639,-52.0705,659.762,0.426599,2.7134,3.5666
7.616,100,84.9674,15.0326,-51.83,-126.962,0.375814,2.76419,3.51581
7.648,100,82.5381,17.4619,-51.5506,151.835,0.436548,2.70345,3.57655
7.68,100,75.576,24.424,-51.1598,435.132,0.610601,2.5294,3.7506
7.712,100,72.1092,27.8908,-50.7136,216.676,0.697271,2.44273,3.83727
7.744,100,71.7192,28.2808,-50.2611,24.3702,0.707019,2.43298,3.84702
7.776,100,68.4017,31.5983,-49.7555,207.345,0.789957,2.35004,3.92996
7.808,100,68.365,31.635,-49.2494,2.29214,0.790874,2.34913,3.93087
7.84,100,61.8781,38.1219,-48.6394,405.432,0.953047,2.18695,4.09305
7.872,100,68.7132,31.2868,-48.1388,-427.193,0.782169,2.35783,3.92217
7.904,100,72.1622,27.8378,-47.6934,-215.561,0.695945,2.44406,3.83594
7.936,100,69.0837,30.9163,-47.1988,192.408,0.772908,2.36709,3.91291
7.968,100,65.1877,34.8123,-46.6418,243.496,0.870306,2.26969,4.01031
8,100,64.456,35.544,-46.0731,45.7344,0.8886,2.2514,4.0286
8.032,100,62.5382,37.4618,-45.4737,119.861,0.936545,2.20346,4.07654
8.064,100,69.6756,30.3244,-44.9885,-446.084,0.758111,2.38189,3.89811
8.096,100,70.7021,29.2979,-44.5197,-64.1617,0.732446,2.40755,3.87245
8.128,100,66.4955,33.5045,-43.9836,262.916,0.837613,2.30239,3.97761
8.16,100,67.1369,32.8631,-43.4578,-40.0887,0.821577,2.31842,3.96158
8.192,100,73.0813,26.9187,-43.0271,-371.525,0.672967,2.46703,3.81297
8.224,100,68.6671,31.3329,-42.5258,275.887,0.783322,2.35668,3.92332
8.256,100,63.2794,36.7206,-41.9383,336.733,0.918015,2.22198,4.05802
8.288,100,67.8821,32.1179,-41.4244,-287.67,0.802947,2.33705,3.94295
8.32,100,65.8433,34.1567,-40.8779,127.427,0.853918,2.28608,3.99392
8.352,100,65.0688,34.9312,-40.319,48.4066,0.873281,2.26672,4.01328
8.384,100,64.7497,35.2503,-39.755,19.94,0.881257,2.25874,4.02126
8.416,100,68.8085,31.1915,-39.2559,-253.67,0.779789,2.36021,3.91979
8.448,100,65.1679,34.8321,-38.6986,227.535,0.870803,2.2692,4.0108
8.48,100,70.0294,29.9706,-38.2191,-303.844,0.749265,2.39074,3.88926
8.512,100,67.663,32.337,-37.7017,147.9,0.808425,2.33158,3.94842
8.544,100,63.8005,36.1995,-37.1225,241.406,0.904987,2.23501,4.04499
8.576,100,69.9843,30.0157,-36.6422,-386.484,0.750393,2.38961,3.89039
8.608,100,68.474,31.526,-36.1378,94.3912,0.78815,2.35185,3.92815
8.64,100,63.6095,36.3905,-35.5556,304.034,0.909763,2.23024,4.04976
8.672,100,71.176,28.824,-35.0944,-472.906,0.720601,2.4194,3.8606
8.704,100,64.8482,35.1518,-34.532,395.487,0.878796,2.2612,4.0188
8.736,100,63.9081,36.0919,-33.9545,58.7528,0.902297,2.2377,4.0423
8.768,100,63.4793,36.5207,-33.3702,26.7998,0.913017,2.22698,4.05302
8.8,100,62.437,37.563,-32.7691,65.1465,0.939075,2.20092,4.07908
8.832,100,60.0994,39.9006,-32.1307,146.099,0.997515,2.14248,4.13752
8.864,100,70.8454,29.1546,-31.6643,-671.626,0.728865,2.41114,3.86886
8.896,100,67.8961,32.1039,-31.1506,184.332,0.802597,2.3374,3.9426
8.928,100,67.4522,32.5478,-30.6298,27.7419,0.813694,2.32631,3.95369
8.96,100,65.9532,34.0468,-30.0851,93.6912,0.851171,2.28883,3.99117
8.992,100,65.4757,34.5243,-29.5327,29.8404,0.863107,2.27689,4.00311
9.024,100,73.1411,26.8589,-29.103,-479.087,0.671472,2.46853,3.81147
9.056,100,66.6406,33.3594,-28.5692,406.28,0.833984,2.30602,3.97398
9.088,100,71.8744,28.1256,-28.1192,-327.109,0.70314,2.43686,3.84314
9.12,100,66.3269,33.6731,-27.5804,346.721,0.841828,2.29817,3.98183
9.152,100,71.211,28.789,-27.1198,-305.257,0.719726,2.42027,3.85973
9.184,100,72.3783,27.6217,-26.6779,-72.9582,0.690542,2.44946,3.83054
9.216,100,71.2292,28.7708,-26.2175,71.8192,0.71927,2.42073,3.85927
9.248,100,73.6693,26.3307,-25.7962,-152.503,0.658269,2.48173,3.79827
9.28,100,79.5933,20.4067,-25.4697,-370.253,0.510167,2.62983,3.65017
9.312,100,74.6909,25.3091,-25.0648,306.397,0.632726,2.50727,3.77273
9.344,100,79.0155,20.9845,-24.729,-270.284,0.524613,2.61539,3.66461
9.376,100,86.9367,13.0633,-24.52,-495.077,0.326582,2.81342,3.46658
9.408,100,93.357,6.64296,-24.4137,-401.269,0.166074,2.97393,3.30607
9.44,100,93.0888,6.91116,-24.3031,16.7626,0.172779,2.96722,3.31278
9.472,100,91.8394,8.16062,-24.1726,78.0913,0.204016,2.93598,3.34402
9.504,100,105.69,-5.69038,-24.2636,-865.687,-0.142259,3.28226,2.99774
9.536,100,100.969,-0.969172,-24.2791,295.075,-0.0242293,3.16423,3.11577
9.568,100,106.212,-6.21184,-24.3785,-327.667,-0.155296,3.2953,2.9847
9.6,100,106.713,-6.71333,-24.4859,-31.3432,-0.167833,3.30783,2.97217
9.632,100,117.416,-17.4155,-24.7646,-668.888,-0.435388,3.57539,2.70461
9.664,100,110.152,-10.1525,-24.927,453.941,-0.253812,3.39381,2.88619
9.696,100,126.397,-26.3975,-25.3494,-1015.31,-0.659937,3.79994,2.48006
9.728,100,132.452,-32.4519,-25.8686,-378.4,-0.811297,3.9513,2.3287
9.76,100,141.225,-41.2251,-26.5282,-548.329,-1.03063,4.17063,2.10937
9.792,100,140.936,-40.9357,-27.1832,18.0922,-1.02339,4.16339,2.11661
9.824,100,152.086,-52.0859,-28.0166,-696.891,-1.30215,4.44215,1.83785
9.856,100,157.164,-57.1643,-28.9312,-317.401,-1.42911,4.56911,1.71089
9.888,100,184.21,-84.2102,-30.2785,-1690.37,-2.10526,5.24526,1.03474
9.92,100,197.99,-97.9897,-31.8464,-861.216,-2.44974,5.58974,0.690258
9.952,100,213.549,-113.549,-33.6632,-972.477,-2.83873,5.97873,0.301268
9.984,100,211.098,-111.098,-35.4407,153.202,-2.77745,5.91745,0.362548
10.016,100,232.412,-132.412,-37.5593,-1332.14,-3.31031,6,-0.170308
10.048,100,225.876,-125.876,-39.5733,408.544,-3.14689,6,-0.00689037
10.08,100,224.215,-124.215,-41.5608,103.758,-3.10539,6,0.0346129
10.112,100,228.578,-128.578,-43.618,-272.643,-3.21444,6,-0.0744441
10.144,100,226.038,-126.038,-45.6347,158.723,-3.15095,6,-0.0109548
10.176,100,229.888,-129.888,-47.7129,-240.584,-3.24719,6,-0.107189
10.208,100,214.329,-114.329,-49.5421,972.379,-2.85824,5.99824,0.281763
10.24,100,221.707,-121.707,-51.4894,-461.091,-3.04267,6,0.0973264
10.272,100,230.813,-130.813,-53.5824,-569.119,-3.27032,6,-0.130321
10.304,100,233.121,-133.121,-55.7124,-144.273,-3.32803,6,-0.18803
10.336,100,234.293,-134.293,-57.8611,-73.2609,-3.35733,6,-0.217335
10.368,100,235.594,-135.594,-60.0306,-81.2794,-3.38985,6,-0.249847
10.4,100,221.681,-121.681,-61.9775,869.539,-3.04203,6,0.0979692
10.432,100,231.199,-131.199,-64.0767,-594.841,-3.27997,6,-0.139967
10.464,100,226.193,-126.193,-66.0957,312.873,-3.15482,6,-0.014818
10.496,100,222.261,-122.261,-68.0519,245.712,-3.05653,6,0.0834669
10.528,100,228.282,-128.282,-70.1044,-376.313,-3.20706,6,-0.0670583
10.56,100,219.646,-119.646,-72.0188,539.754,-2.99116,6,0.148843
10.592,100,216.225,-116.225,-73.8784,213.805,-2.90563,6,0.234366
10.624,100,202.519,-102.519,-75.5187,856.622,-2.56299,5.70299,0.577015
10.656,100,206.376,-106.376,-77.2207,-241.027,-2.6594,5.7994,0.480604
10.688,100,211.433,-111.433,-79.0036,-316.044,-2.78581,5.92581,0.354186
10.72,100,201.417,-101.417,-80.6263,625.987,-2.53542,5.67542,0.604581
10.752,100,197.75,-97.7496,-82.1903,229.199,-2.44374,5.58374,0.696261
10.784,100,202.204,-102.204,-83.8256,-278.408,-2.5551,5.6951,0.584898
10.816,100,193.643,-93.6433,-85.3238,535.051,-2.34108,5.48108,0.798918
10.848,100,182.795,-82.7949,-86.6486,678.026,-2.06987,5.20987,1.07013
10.88,100,166.677,-66.6775,-87.7154,1007.34,-1.66694,4.80694,1.47306
10.912,100,155.927,-55.9265,-88.6102,671.936,-1.39816,4.53816,1.74184
10.944,100,135.941,-35.9411,-89.1853,1249.09,-0.898528,4.03853,2.24147
10.976,100,145.755,-45.7551,-89.9174,-613.371,-1.14388,4.28388,1.99612
11.008,100,128.699,-28.6988,-90.3765,1066.02,-0.71747,3.85747,2.42253
11.04,100,116.225,-16.2252,-90.6361,779.599,-0.40563,3.54563,2.73437
11.072,100,124.43,-24.4302,-91.027,-512.812,-0.610755,3.75075,2.52925
11.104,100,106.585,-6.58493,-91.1324,1115.33,-0.164623,3.30462,2.97538
11.136,100,110.667,-10.667,-91.3031,-255.128,-0.266675,3.40667,2.87333
11.168,100,104.804,-4.80391,-91.3799,366.442,-0.120098,3.2601,3.0199
11.2,100,99.1726,0.827352,-91.3667,351.954,0.0206838,3.11932,3.16068
11.232,100,94.4747,5.52531,-91.2783,293.622,0.138133,3.00187,3.27813
11.264,100,87.7812,12.2188,-91.0828,418.342,0.305469,2.83453,3.44547
11.296,100,88.9527,11.0473,-90.906,-73.2164,0.276183,2.86382,3.41618
11.328,100,88.4602,11.5398,-90.7214,30.7781,0.288494,2.85151,3.42849
11.36,100,82.154,17.846,-90.4359,394.142,0.446151,2.69385,3.58615
11.392,100,73.3494,26.6506,-90.0094,550.286,0.666266,2.47373,3.80627
11.424,100,77.4534,22.5466,-89.6487,-256.502,0.563665,2.57634,3.70366
11.456,100,74.0436,25.9564,-89.2334,213.114,0.64891,2.49109,3.78891
11.488,100,68.6901,31.3099,-88.7324,334.592,0.782747,2.35725,3.92275
11.52,100,69.5827,30.4173,-88.2458,-55.7884,0.760432,2.37957,3.90043
11.552,100,68.5317,31.4683,-87.7423,65.6913,0.786708,2.35329,3.92671
11.584,100,65.9275,34.0725,-87.1971,162.76,0.851812,2.28819,3.99181
11.616,100,70.2237,29.7763,-86.7207,-268.511,0.744408,2.39559,3.88441
11.648,100,63.8455,36.1545,-86.1422,398.633,0.903861,2.23614,4.04386
11.68,100,69.1641,30.8359,-85.6488,-332.408,0.770898,2.3691,3.9109
11.712,100,68.8274,31.1726,-85.1501,21.0439,0.779316,2.36068,3.91932
11.744,100,68.2414,31.7586,-84.6419,36.6218,0.793965,2.34604,3.93396
11.776,100,63.9931,36.0069,-84.0658,265.519,0.900172,2.23983,4.04017
11.808,100,66.9159,33.0841,-83.5365,-182.675,0.827102,2.3129,3.9671
11.84,100,68.8585,31.1415,-83.0382,-121.41,0.778538,2.36146,3.91854
11.872,100,66.5221,33.4779,-82.5026,146.024,0.836948,2.30305,3.97695
11.904,100,67.729,32.271,-81.9862,-75.4345,0.806774,2.33323,3.94677
11.936,100,64.162,35.838,-81.4128,222.941,0.89595,2.24405,4.03595
11.968,100,66.2871,33.7129,-80.8734,-132.821,0.842822,2.29718,3.98282
12,100,57.4495,42.5505,-80.1926,552.355,1.06376,2.07624,4.20376
12.032,100,62.7566,37.2434,-79.5967,-331.7,0.931084,2.20892,4.07108
12.064,100,69.0168,30.9832,-79.101,-391.261,0.774579,2.36542,3.91458
12.096,100,66.0386,33.9614,-78.5576,186.141,0.849036,2.29096,3.98904
12.128,100,59.3196,40.6804,-77.9067,419.936,1.01701,2.12299,4.15701
12.16,100,75.0515,24.9485,-77.5075,-983.244,0.623713,2.51629,3.76371
12.192,100,65.5658,34.4342,-76.9566,592.854,0.860854,2.27915,4.00085
12.224,100,68.5822,31.4178,-76.4539,-188.523,0.785445,2.35456,3.92544
12.256,100,66.3078,33.6922,-75.9148,142.15,0.842305,2.29769,3.98231
12.288,100,71.6013,28.3987,-75.4605,-330.845,0.709967,2.43003,3.84997
12.32,100,63.0961,36.9039,-74.87,531.576,0.922597,2.2174,4.0626
12.352,100,67.6981,32.3019,-74.3532,-287.623,0.807548,2.33245,3.94755
12.384,100,69.9145,30.0855,-73.8718,-138.529,0.752137,2.38786,3.89214
12.416,100,72.6252,27.3748,-73.4338,-169.417,0.68437,2.45563,3.82437
12.448,100,66.8465,33.1535,-72.9033,361.169,0.828837,2.31116,3.96884
12.48,100,65.1302,34.8698,-72.3454,107.267,0.871744,2.26826,4.01174
12.512,100,67.4732,32.5268,-71.825,-146.435,0.81317,2.32683,3.95317
12.544,100,67.4465,32.5535,-71.3041,1.66699,0.813837,2.32616,3.95384
12.576,100,68.5193,31.4807,-70.8005,-67.0475,0.787018,2.35298,3.92702
12.608,100,65.4543,34.5457,-70.2477,191.561,0.863642,2.27636,4.00364
12.64,100,73.7844,26.2156,-69.8283,-520.633,0.655389,2.48461,3.79539
12.672,100,66.9115,33.0885,-69.2989,429.56,0.827213,2.31279,3.96721
12.704,100,62.5362,37.4638,-68.6994,273.452,0.936594,2.20341,4.07659
12.736,100,63.8106,36.1894,-68.1204,-79.6453,0.904736,2.23526,4.04474
12.768,100,70.2555,29.7445,-67.6445,-402.806,0.743613,2.39639,3.88361
12.8,100,71.3902,28.6098,-67.1867,-70.9207,0.715245,2.42476,3.85524
12.832,100,70.863,29.137,-66.7205,32.9495,0.728425,2.41158,3.86842
12.864,100,63.5802,36.4198,-66.1378,455.175,0.910495,2.22951,4.05049
12.896,100,68.7775,31.2225,-65.6383,-324.828,0.780563,2.35944,3.92056
12.928,100,65.4295,34.5705,-65.0851,209.25,0.864263,2.27574,4.00426
12.96,100,63.4173,36.5827,-64.4998,125.762,0.914568,2.22543,4.05457
12.992,100,71.34,28.66,-64.0413,-495.171,0.7165,2.4235,3.8565
13.024,100,64.7404,35.2596,-63.4771,412.478,0.881491,2.25851,4.02149
13.056,100,69.0375,30.9625,-62.9817,-268.57,0.774063,2.36594,3.91406
13.088,100,74.617,25.383,-62.5756,-348.718,0.634576,2.50542,3.77458
13.12,100,67.723,32.277,-62.0591,430.874,0.806926,2.33307,3.94693
13.152,100,67.944,32.056,-61.5462,-13.813,0.801401,2.3386,3.9414
13.184,100,76.5214,23.4786,-61.1706,-536.087,0.586966,2.55303,3.72697
13.216,100,75.7736,24.2264,-60.783,46.7332,0.605659,2.53434,3.74566
13.248,100,87.6325,12.3675,-60.5851,-741.18,0.309187,2.83081,3.44919
13.28,100,90.2857,9.71425,-60.4297,-165.827,0.242856,2.89714,3.38286
13.312,100,91.6302,8.36985,-60.2957,-84.0255,0.209246,2.93075,3.34925
13.344,100,97.659,2.341,-60.2583,-376.803,0.0585249,3.08148,3.19852
13.376,100,106.263,-6.26303,-60.3585,-537.751,-0.156576,3.29658,2.98342
13.408,100,114.44,-14.4405,-60.5895,-511.089,-0.361011,3.50101,2.77899
13.44,100,114.995,-14.9955,-60.8295,-34.6884,-0.374887,3.51489,2.76511
13.472,100,106.105,-6.10515,-60.9271,555.645,-0.152629,3.29263,2.98737
13.504,100,120.539,-20.5386,-61.2558,-902.093,-0.513466,3.65347,2.62653
13.536,100,127.209,-27.2093,-61.6911,-416.916,-0.680232,3.82023,2.45977
13.568,100,132.628,-32.628,-62.2132,-338.669,-0.8157,3.9557,2.3243
13.6,100,146.613,-46.6129,-62.959,-874.059,-1.16532,4.30532,1.97468
13.632,100,154.634,-54.6336,-63.8331,-501.29,-1.36584,4.50584,1.77416
13.664,100,163.803,-63.8032,-64.854,-573.104,-1.59508,4.73508,1.54492
13.696,100,188.226,-88.2256,-66.2656,-1526.39,-2.20564,5.34564,0.934361
13.728,100,205.513,-105.513,-67.9538,-1080.47,-2.63783,5.77783,0.502171
13.76,100,228.53,-128.53,-70.0103,-1438.53,-3.21324,6,-0.0732406
13.792,100,248.284,-148.284,-72.3828,-1234.68,-3.70711,6,-0.567112
13.824,100,276.08,-176.08,-75.2001,-1737.19,-4.40199,6,-1.26199
13.856,100,274.181,-174.181,-77.987,118.634,-4.35453,6,-1.21453
13.888,100,276.428,-176.428,-80.8098,-140.416,-4.4107,6,-1.2707
13.92,100,268.618,-168.618,-83.5077,488.141,-4.21544,6,-1.07544
13.952,100,279.247,-179.247,-86.3757,-664.311,-4.48117,6,-1.34117
13.984,100,266.348,-166.348,-89.0372,806.178,-4.1587,6,-1.0187
14.016,100,272.508,-172.508,-91.7973,-384.99,-4.31269,6,-1.17269
14.048,100,276.638,-176.638,-94.6236,-258.151,-4.41595,6,-1.27595
14.08,100,281.385,-181.385,-97.5257,-296.656,-4.53462,6,-1.39462
14.112,100,276.018,-176.018,-100.342,335.404,-4.40045,6,-1.26045
14.144,100,266.732,-166.732,-103.01,580.387,-4.1683,6,-1.0283
14.176,100,275.605,-175.605,-105.819,-554.561,-4.39012,6,-1.25012
14.208,100,275.941,-175.941,-108.634,-20.9842,-4.39852,6,-1.25852
14.24,100,275.147,-175.147,-111.437,49.5985,-4.37868,6,-1.23868
14.272,100,264.216,-164.216,-114.064,683.214,-4.10539,6,-0.965392
14.304,100,266.1,-166.1,-116.722,-117.769,-4.1525,6,-1.0125
14.336,100,259.729,-159.729,-119.278,398.185,-3.99323,6,-0.853226
14.368,100,251.713,-151.713,-121.705,500.984,-3.79283,6,-0.652832
14.4,100,253.324,-153.324,-124.158,-100.669,-3.8331,6,-0.6931
14.432,100,244.85,-144.85,-126.476,529.6,-3.62126,6,-0.48126
14.464,100,255.684,-155.684,-128.967,-677.072,-3.89209,6,-0.752089
14.496,100,254.379,-154.379,-131.437,81.5106,-3.85948,6,-0.719484
14.528,100,258.306,-158.306,-133.97,-245.443,-3.95766,6,-0.817662
14.56,100,237.936,-137.936,-136.177,1273.15,-3.4484,6,-0.308404
14.592,100,224.98,-124.98,-138.176,809.781,-3.12449,6,0.0155089
14.624,100,210.383,-110.383,-139.942,912.28,-2.75958,5.89958,0.380421
14.656,100,205.379,-105.379,-141.628,312.741,-2.63448,5.77448,0.505517
14.688,100,206.43,-106.43,-143.331,-65.6643,-2.66075,5.80075,0.479251
14.72,100,206.698,-106.698,-145.039,-16.7324,-2.66744,5.80744,0.472558
14.752,100,213.483,-113.483,-146.854,-424.094,-2.83708,5.97708,0.302921
14.784,100,200.753,-100.753,-148.466,795.65,-2.51882,5.65882,0.621181
14.816,100,188.276,-88.2758,-149.879,779.813,-2.20689,5.34689,0.933106
14.848,100,161.247,-61.2475,-150.859,1689.27,-1.53119,4.67119,1.60881
14.88,100,155.431,-55.4311,-151.746,363.521,-1.38578,4.52578,1.75422
14.912,100,142.437,-42.4367,-152.425,812.154,-1.06092,4.20092,2.07908
14.944,100,127.479,-27.4787,-152.864,934.873,-0.686968,3.82697,2.45303
14.976,100,121.752,-21.7515,-153.212,357.95,-0.543788,3.68379,2.59621
15.008,100,106.344,-6.34397,-153.314,962.971,-0.158599,3.2986,2.9814
15.04,100,115.041,-15.0409,-153.554,-543.555,-0.376021,3.51602,2.76398
15.072,100,102.195,-2.19549,-153.59,802.835,-0.0548873,3.19489,3.08511
15.104,100,103.663,-3.66268,-153.648,-91.6992,-0.091567,3.23157,3.04843
15.136,100,94.145,5.855,-153.554,594.855,0.146375,2.99363,3.28637
15.168,100,89.5176,10.4824,-153.387,289.213,0.26206,2.87794,3.40206
15.2,100,81.4494,18.5506,-153.09,504.259,0.463764,2.67624,3.60376
15.232,100,83.9982,16.0018,-152.834,-159.298,0.400045,2.73996,3.54004
15.264,100,76.4226,23.5774,-152.457,473.476,0.589435,2.55057,3.72943
15.296,100,70.4025,29.5975,-151.983,376.259,0.739939,2.40006,3.87994
15.328,100,67.1035,32.8965,-151.457,206.184,0.822412,2.31759,3.96241
15.36,100,70.1222,29.8778,-150.979,-188.667,0.746945,2.39305,3.88695
15.392,100,65.3319,34.6681,-150.424,299.392,0.866702,2.2733,4.0067
15.424,100,70.0455,29.9545,-149.945,-294.602,0.748861,2.39114,3.88886
15.456,100,66.9322,33.0678,-149.416,194.583,0.826695,2.31331,3.96669
15.488,100,63.2803,36.7197,-148.828,228.243,0.917992,2.22201,4.05799
15.52,100,67.2126,32.7874,-148.304,-245.771,0.819684,2.32032,3.95968
15.552,100,65.6314,34.3686,-147.754,98.8294,0.859216,2.28078,3.99922
15.584,100,62.7403,37.2597,-147.157,180.691,0.931492,2.20851,4.07149
15.616,100,67.5313,32.4687,-146.638,-299.433,0.811719,2.32828,3.95172
15.648,100,68.004,31.996,-146.126,-29.5491,0.799899,2.3401,3.9399
15.68,100,73.895,26.105,-145.708,-368.188,0.652624,2.48738,3.79262
15.712,100,70.3835,29.6165,-145.235,219.472,0.740412,2.39959,3.88041
15.744,100,67.4057,32.5943,-144.713,186.112,0.814857,2.32514,3.95486
15.776,100,63.4812,36.5188,-144.129,245.279,0.912969,2.22703,4.05297
15.808,100,66.122,33.878,-143.587,-165.048,0.84695,2.29305,3.98695
15.84,100,66.1459,33.8541,-143.045,-1.49441,0.846352,2.29365,3.98635
15.872,100,63.3089,36.6911,-142.458,177.313,0.917277,2.22272,4.05728
15.904,100,62.5759,37.4241,-141.859,45.8126,0.935602,2.2044,4.0756
15.936,100,69.1949,30.8051,-141.366,-413.688,0.770127,2.36987,3.91013
15.968,100,64.6762,35.3238,-140.801,282.423,0.883096,2.2569,4.0231
16,100,74.2979,25.7021,-140.39,-601.361,0.642552,2.49745,3.78255
16.032,100,67.5673,32.4327,-139.871,420.666,0.810818,2.32918,3.95082
16.064,100,66.6961,33.3039,-139.338,54.4463,0.832596,2.3074,3.9726
16.096,100,65.7075,34.2925,-138.789,61.7886,0.857312,2.28269,3.99731
16.128,100,65.9335,34.0665,-138.244,-14.1216,0.851663,2.28834,3.99166
16.16,100,62.0605,37.9395,-137.637,242.061,0.948487,2.19151,4.08849
16.192,100,68.7766,31.2234,-137.138,-419.757,0.780585,2.35942,3.92058
16.224,100,65.8087,34.1913,-136.591,185.493,0.854782,2.28522,3.99478
16.256,100,66.1072,33.8928,-136.048,-18.6566,0.847319,2.29268,3.98732
16.288,100,72.3551,27.6449,-135.606,-390.493,0.691122,2.44888,3.83112
16.32,100,69.0609,30.9391,-135.111,205.89,0.773478,2.36652,3.91348
16.352,100,68.4277,31.5723,-134.606,39.5755,0.789308,2.35069,3.92931
16.384,100,70.415,29.585,-134.133,-124.207,0.739625,2.40037,3.87963
16.416,100,69.8935,30.1065,-133.651,32.5905,0.752661,2.38734,3.89266
16.448,100,68.9903,31.0097,-133.155,56.4525,0.775242,2.36476,3.91524
16.48,100,65.5824,34.4176,-132.604,212.994,0.86044,2.27956,4.00044
16.512,100,67.7152,32.2848,-132.087,-133.299,0.807121,2.33288,3.94712
16.544,100,63.8362,36.1638,-131.509,242.439,0.904096,2.2359,4.0441
16.576,100,70.482,29.518,-131.037,-415.366,0.737949,2.40205,3.87795
16.608,100,68.3883,31.6117,-130.531,130.855,0.790291,2.34971,3.93029
16.64,100,70.3117,29.6883,-130.056,-120.208,0.742208,2.39779,3.88221
16.672,100,70.9048,29.0952,-129.59,-37.0676,0.727381,2.41262,3.86738
16.704,100,72.4882,27.5118,-129.15,-98.9628,0.687796,2.4522,3.8278
16.736,100,63.6309,36.3691,-128.568,553.58,0.909228,2.23077,4.04923
16.768,100,66.2594,33.7406,-128.028,-164.281,0.843516,2.29648,3.98352
16.8,100,69.3863,30.6137,-127.538,-195.431,0.765343,2.37466,3.90534
16.832,100,68.5023,31.4977,-127.034,55.2479,0.787442,2.35256,3.92744
16.864,100,62.7564,37.2436,-126.439,359.118,0.931089,2.20891,4.07109
16.896,100,68.6773,31.3227,-125.937,-370.053,0.783068,2.35693,3.92307
16.928,100,65.2466,34.7534,-125.381,214.418,0.868835,2.27116,4.00884
16.96,100,67.7394,32.2606,-124.865,-155.803,0.806514,2.33349,3.94651
16.992,100,60.5141,39.4859,-124.233,451.581,0.987147,2.15285,4.12715
17.024,100,70.8826,29.1174,-123.768,-648.03,0.727935,2.41207,3.86793
17.056,100,61.6305,38.3695,-123.154,578.255,0.959237,2.18076,4.09924
17.088,100,68.8073,31.1927,-122.655,-448.547,0.779818,2.36018,3.91982
17.12,100,66.3311,33.6689,-122.116,154.758,0.841721,2.29828,3.98172
17.152,100,64.8461,35.1539,-121.553,92.813,0.878847,2.26115,4.01885
17.184,100,67.9167,32.0833,-121.04,-191.911,0.802082,2.33792,3.94208
17.216,100,68.9502,31.0498,-120.543,-64.5905,0.776246,2.36375,3.91625
17.248,100,77.2033,22.7967,-120.178,-515.823,0.569917,2.57008,3.70992
17.28,100,75.1817,24.8183,-119.781,126.351,0.620457,2.51954,3.76046
17.312,100,77.9175,22.0825,-119.428,-170.985,0.552063,2.58794,3.69206
17.344,100,81.1506,18.8494,-119.126,-202.072,0.471234,2.66877,3.61123
17.376,100,83.06,16.94,-118.855,-119.337,0.423499,2.7165,3.5635
17.408,100,88.2146,11.7854,-118.667,-322.161,0.294635,2.84537,3.43463
17.44,100,100.063,-0.0634298,-118.668,-740.552,-0.00158574,3.14159,3.13841
17.472,100,103.161,-3.1614,-118.718,-193.623,-0.079035,3.21904,3.06096
17.504,100,103.111,-3.11098,-118.768,3.15153,-0.0777744,3.21777,3.06223
17.536,100,110.778,-10.7777,-118.941,-479.17,-0.269442,3.40944,2.87056
17.568,100,114.185,-14.1853,-119.168,-212.976,-0.354633,3.49463,2.78537
17.6,100,114.004,-14.0038,-119.392,11.3467,-0.350094,3.49009,2.78991
17.632,100,124.376,-24.376,-119.782,-648.267,-0.609401,3.7494,2.5306
17.664,100,141.038,-41.0378,-120.438,-1041.36,-1.02595,4.16595,2.11405
17.696,100,152.182,-52.1815,-121.273,-696.481,-1.30454,4.44454,1.83546
17.728,100,159.495,-59.4951,-122.225,-457.099,-1.48738,4.62738,1.65262
17.76,100,179.526,-79.5258,-123.498,-1251.92,-1.98815,5.12815,1.15185
17.792,100,206.372,-106.372,-125.2,-1677.91,-2.65931,5.79931,0.48069
17.824,100,220.991,-120.991,-127.135,-913.656,-3.02477,6,0.115228
17.856,100,279.619,-179.619,-130.009,-3664.26,-4.49048,6,-1.35048
17.888,100,309.369,-209.369,-133.359,-1859.38,-5.23423,6,-2.09423
17.92,100,339.264,-239.264,-137.187,-1868.41,-5.98159,6,-2.84159
17.952,100,337.382,-237.382,-140.986,117.594,-5.93456,6,-2.79456
17.984,100,351.086,-251.086,-145.003,-856.501,-6.27716,6,-3.13716
18.016,100,344.366,-244.366,-148.913,420.023,-6.10915,6,-2.96915
18.048,100,345.723,-245.723,-152.844,-84.8453,-6.14309,6,-3.00309
18.08,100,350.629,-250.629,-156.854,-306.59,-6.26572,6,-3.12572
18.112,100,347.407,-247.407,-160.813,201.357,-6.18518,6,-3.04518
18.144,100,340.392,-240.392,-164.659,438.438,-6.0098,6,-2.8698
18.176,100,338.948,-238.948,-168.482,90.2841,-5.97369,6,-2.83369
18.208,100,337.989,-237.989,-172.29,59.9049,-5.94973,6,-2.80973
18.24,100,333.64,-233.64,-176.028,271.816,-5.841,6,-2.701
18.272,100,330.844,-230.844,-179.722,174.741,-5.77111,6,-2.63111
18.304,100,321.687,-221.687,-183.269,572.296,-5.54219,6,-2.40219
18.336,100,334.464,-234.464,-187.02,-798.556,-5.86161,6,-2.72161
18.368,100,327.745,-227.745,-190.664,419.948,-5.69363,6,-2.55363
18.4,100,320.791,-220.791,-194.197,434.607,-5.51979,6,-2.37979
18.432,100,319.482,-219.482,-197.709,81.8722,-5.48704,6,-2.34704
18.464,100,318.762,-218.762,-201.209,44.9505,-5.46906,6,-2.32906
18.496,100,302.255,-202.255,-204.445,1031.74,-5.05636,6,-1.91636
18.528,100,304.854,-204.854,-207.723,-162.481,-5.12136,6,-1.98136
18.56,100,310.516,-210.516,-211.091,-353.861,-5.2629,6,-2.1229
18.592,100,297.806,-197.806,-214.256,794.401,-4.94514,6,-1.80514
18.624,100,298.322,-198.322,-217.429,-32.3038,-4.95806,6,-1.81806
18.656,100,293.119,-193.119,-220.519,325.239,-4.82797,6,-1.68797
18.688,100,298.558,-198.558,-223.696,-339.95,-4.96395,6,-1.82395
18.72,100,282.509,-182.509,-226.616,1003.06,-4.56272,6,-1.42272
18.752,100,266.63,-166.63,-229.282,992.439,-4.16575,6,-1.02575
18.784,100,250.039,-150.039,-231.683,1036.94,-3.75097,6,-0.61097
18.816,100,237.589,-137.589,-233.884,778.103,-3.43973,6,-0.299729
18.848,100,234.377,-134.377,-236.034,200.734,-3.35944,6,-0.219435
18.88,100,221.657,-121.657,-237.981,795.039,-3.04142,6,0.0985803
18.912,100,224.601,-124.601,-239.974,-184.006,-3.11502,6,0.024978
18.944,100,186.488,-86.4878,-241.358,2382.06,-2.1622,5.3022,0.977804
18.976,100,151.213,-51.2126,-242.177,2204.7,-1.28031,4.42031,1.85969
19.008,100,125.062,-25.0623,-242.578,1634.39,-0.626559,3.76656,2.51344
19.04,100,113.513,-13.5131,-242.795,721.829,-0.337827,3.47783,2.80217
19.072,100,111.382,-11.3816,-242.977,133.217,-0.28454,3.42454,2.85546
19.104,100,100.397,-0.39739,-242.983,686.513,-0.00993476,3.14993,3.13007
19.136,100,103.815,-3.81532,-243.044,-213.62,-0.0953829,3.23538,3.04462
19.168,100,78.2872,21.7128,-242.697,1595.51,0.542821,2.59718,3.68282
19.2,100,76.0222,23.9778,-242.313,141.562,0.599446,2.54055,3.73945
19.232,100,67.4006,32.5994,-241.791,538.848,0.814985,2.32502,3.95498
19.264,100,64.4661,35.5339,-241.223,183.409,0.888348,2.25165,4.02835
19.296,100,65.5983,34.4017,-240.672,-70.7631,0.860043,2.27996,4.00004
19.328,100,63.4238,36.5762,-240.087,135.902,0.914404,2.2256,4.0544
19.36,100,64.8516,35.1484,-239.525,-89.2341,0.87871,2.26129,4.01871
19.392,100,66.9435,33.0565,-238.996,-130.742,0.826413,2.31359,3.96641
19.424,100,66.7456,33.2544,-238.464,12.3678,0.831361,2.30864,3.97136
19.456,100,67.9353,32.0647,-237.951,-74.3593,0.801617,2.33838,3.94162
19.488,100,64.2815,35.7185,-237.379,228.366,0.892963,2.24704,4.03296
19.52,100,65.5885,34.4115,-236.829,-81.6915,0.860287,2.27971,4.00029
19.552,100,63.0583,36.9417,-236.238,158.14,0.923543,2.21646,4.06354
19.584,100,59.158,40.842,-235.584,243.766,1.02105,2.11895,4.16105
19.616,100,71.4754,28.5246,-235.128,-769.832,0.713116,2.42688,3.85312
19.648,100,66.276,33.724,-234.588,324.956,0.843099,2.2969,3.9831
19.68,100,65.8318,34.1682,-234.042,27.7673,0.854206,2.28579,3.99421
19.712,100,72.585,27.415,-233.603,-422.074,0.685376,2.45462,3.82538
19.744,100,64.3805,35.6195,-233.033,512.777,0.890487,2.24951,4.03049
19.776,100,66.4677,33.5323,-232.496,-130.448,0.838308,2.30169,3.97831
19.808,100,57.7281,42.2719,-231.82,546.224,1.0568,2.0832,4.1968
19.84,100,66.6078,33.3922,-231.286,-554.984,0.834804,2.3052,3.9748
19.872,100,61.7202,38.2798,-230.673,305.477,0.956995,2.18301,4.09699
19.904,100,71.9228,28.0772,-230.224,-637.662,0.70193,2.43807,3.84193
19.936,100,71.5351,28.4649,-229.769,24.2332,0.711623,2.42838,3.85162
19.968,100,68.1469,31.8531,-229.259,211.762,0.796328,2.34367,3.93633
20,100,70.1158,29.8842,-228.781,-123.06,0.747105,2.3929,3.8871
20.032,100,70.6851,29.3149,-228.312,-35.579,0.732873,2.40713,3.87287
20.064,100,67.8837,32.1163,-227.798,175.084,0.802906,2.33709,3.94291
20.096,100,68.2701,31.7299,-227.29,-24.1504,0.793246,2.34675,3.93325
20.128,100,64.4802,35.5198,-226.722,236.87,0.887994,2.25201,4.02799
20.16,100,70.6175,29.3825,-226.252,-383.58,0.734562,2.40544,3.87456
20.192,100,67.1334,32.8666,-225.726,217.756,0.821664,2.31834,3.96166
20.224,100,70.8529,29.1471,-225.26,-232.467,0.728678,2.41132,3.86868
20.256,100,69.6267,30.3733,-224.774,76.6383,0.759333,2.38067,3.89933
20.288,100,64.7387,35.2613,-224.21,305.5,0.881533,2.25847,4.02153
20.32,100,73.7691,26.2309,-223.79,-564.403,0.655772,2.48423,3.79577
20.352,100,68.9415,31.0585,-223.293,301.726,0.776462,2.36354,3.91646
20.384,100,67.7121,32.2879,-222.776,76.8391,0.807198,2.3328,3.9472
20.416,100,65.8354,34.1646,-222.23,117.294,0.854115,2.28588,3.99412
20.448,100,68.0577,31.9423,-221.719,-138.894,0.798558,2.34144,3.93856
20.48,100,63.9403,36.0597,-221.142,257.337,0.901492,2.23851,4.04149
20.512,100,72.9043,27.0957,-220.708,-560.251,0.677392,2.46261,3.81739
20.544,100,69.1659,30.8341,-220.215,233.652,0.770853,2.36915,3.91085
20.576,100,68.5083,31.4917,-219.711,41.0986,0.787292,2.35271,3.92729
20.608,100,59.5366,40.4634,-219.063,560.731,1.01158,2.12842,4.15158
20.64,100,63.829,36.171,-218.485,-268.271,0.904276,2.23572,4.04428
20.672,100,69.1595,30.8405,-217.991,-333.156,0.771013,2.36899,3.91101
20.704,100,64.4599,35.5401,-217.423,293.724,0.888503,2.2515,4.0285
20.736,100,72.2379,27.7621,-216.978,-486.128,0.694052,2.44595,3.83405
20.768,100,65.6202,34.3798,-216.428,413.608,0.859495,2.28051,3.99949
20.8,100,65.0926,34.9074,-215.87,32.9739,0.872684,2.26732,4.01268
20.832,100,59.7471,40.2529,-215.226,334.098,1.00632,2.13368,4.14632
20.864,100,65.9043,34.0957,-214.68,-384.829,0.852392,2.28761,3.99239
20.896,100,63.8818,36.1182,-214.102,126.409,0.902956,2.23704,4.04296
20.928,100,69.1407,30.8593,-213.609,-328.681,0.771483,2.36852,3.91148
20.96,100,70.6572,29.3428,-213.139,-94.7859,0.733569,2.40643,3.87357
20.992,100,70.1439,29.8561,-212.661,32.0855,0.746403,2.3936,3.8864
21.024,100,60.3896,39.6104,-212.028,609.644,0.990261,2.14974,4.13026
21.056,100,63.7168,36.2832,-211.447,-207.948,0.907081,2.23292,4.04708
21.088,100,73.3581,26.6419,-211.021,-602.586,0.666047,2.47395,3.80605
21.12,100,71.5645,28.4355,-210.566,112.103,0.710888,2.42911,3.85089
21.152,100,68.5862,31.4138,-210.063,186.145,0.785346,2.35465,3.92535
21.184,100,67.905,32.095,-209.55,42.5747,0.802376,2.33762,3.94238
21.216,100,64.2567,35.7433,-208.978,228.016,0.893582,2.24642,4.03358
21.248,100,69.054,30.946,-208.483,-299.827,0.773651,2.36635,3.91365
21.28,100,65.1693,34.8307,-207.925,242.794,0.870769,2.26923,4.01077
21.312,100,65.9688,34.0312,-207.381,-49.9698,0.850781,2.28922,3.99078
21.344,100,72.9164,27.0836,-206.948,-434.227,0.67709,2.46291,3.81709
21.376,100,64.1182,35.8818,-206.374,549.885,0.897044,2.24296,4.03704
21.408,100,63.2349,36.7651,-205.785,55.2085,0.919128,2.22087,4.05913
21.44,100,69.1871,30.8129,-205.292,-372.012,0.770323,2.36968,3.91032
21.472,100,68.4735,31.5265,-204.788,44.5964,0.788161,2.35184,3.92816
21.504,100,69.3312,30.6688,-204.297,-53.601,0.766721,2.37328,3.90672
21.536,100,63.4354,36.5646,-203.712,368.486,0.914115,2.22588,4.05412
21.568,100,66.0862,33.9138,-203.169,-165.675,0.847846,2.29215,3.98785
21.6,100,67.9968,32.0032,-202.657,-119.412,0.800081,2.33992,3.94008
21.632,100,66.7606,33.2394,-202.126,77.2591,0.830984,2.30902,3.97098
21.664,100,67.8509,32.1491,-201.611,-68.1434,0.803727,2.33627,3.94373
21.696,100,65.6084,34.3916,-201.061,140.156,0.859789,2.28021,3.99979
21.728,100,68.6569,31.3431,-200.559,-190.528,0.783578,2.35642,3.92358
21.76,100,71.8566,28.1434,-200.109,-199.981,0.703586,2.43641,3.84359
21.792,100,72.8922,27.1078,-199.675,-64.7274,0.677695,2.46231,3.81769
21.824,100,62.1067,37.8933,-199.069,674.093,0.947332,2.19267,4.08733
21.856,100,71.0217,28.9783,-198.606,-557.188,0.724457,2.41554,3.86446
21.888,100,68.3145,31.6855,-198.099,169.203,0.792138,2.34786,3.93214
21.92,100,70.9015,29.0985,-197.633,-161.691,0.727462,2.41254,3.86746
21.952,100,69.9051,30.0949,-197.151,62.2748,0.752372,2.38763,3.89237
21.984,100,72.8278,27.1722,-196.717,-182.667,0.679305,2.4607,3.8193
22.016,100,75.9945,24.0055,-196.333,-197.918,0.600137,2.53986,3.74014
22.048,100,83.6657,16.3343,-196.071,-479.449,0.408358,2.73164,3.54836
22.08,100,92.6178,7.38215,-195.953,-559.51,0.184554,2.95545,3.32455
22.112,100,94.8236,5.17636,-195.87,-137.862,0.129409,3.01059,3.26941
22.144,100,107.821,-7.82087,-195.995,-812.326,-0.195522,3.33552,2.94448
22.176,100,111.811,-11.811,-196.184,-249.386,-0.295276,3.43528,2.84472
22.208,100,126.75,-26.7504,-196.612,-933.71,-0.66876,3.80876,2.47124
22.24,100,124.972,-24.9722,-197.012,111.135,-0.624306,3.76431,2.51569
22.272,100,144.482,-44.4818,-197.724,-1219.35,-1.11205,4.25205,2.02795
22.304,100,158.44,-58.4405,-198.659,-872.417,-1.46101,4.60101,1.67899
22.336,100,198.943,-98.9431,-200.242,-2531.41,-2.47358,5.61358,0.666423
22.368,100,263.589,-163.589,-202.859,-4040.37,-4.08972,6,-0.949725
22.4,100,341.501,-241.501,-206.723,-4869.51,-6.03753,6,-2.89753
22.432,100,495.567,-395.567,-213.052,-9629.11,-9.88917,6,-6.28
22.464,100,761.254,-661.254,-223.632,-16605.5,-16.5314,6,-6.28
22.496,100,1060.96,-960.956,-239.008,-18731.4,-24.0239,6,-6.28
22.528,100,1204.89,-1104.89,-256.686,-8995.57,-27.6221,6,-6.28
22.56,100,1125.42,-1025.42,-273.093,4966.52,-25.6355,6,-6.28
22.592,100,1152.86,-1052.86,-289.938,-1715.15,-26.3216,6,-6.28
22.624,100,1139,-1039,-306.562,866.684,-25.9749,6,-6.28
22.656,100,1118.89,-1018.89,-322.865,1256.51,-25.4723,6,-6.28
22.688,100,1153.46,-1053.46,-339.72,-2160.42,-26.3365,6,-6.28
22.72,100,1095.17,-995.171,-355.643,3642.99,-24.8793,6,-6.28
22.752,100,1098.51,-998.505,-371.619,-208.36,-24.9626,6,-6.28
22.784,100,1057.4,-957.398,-386.937,2569.2,-23.9349,6,-6.28
22.816,100,1099.2,-999.201,-402.924,-2612.7,-24.98,6,-6.28
22.848,100,1121.61,-1021.61,-419.27,-1400.77,-25.5403,6,-6.28
22.88,100,1106.08,-1006.08,-435.368,970.909,-25.152,6,-6.28
22.912,100,1075.06,-975.055,-450.968,1938.97,-24.3764,6,-6.28
22.944,100,1138.26,-1038.26,-467.581,-3950.56,-25.9566,6,-6.28
22.976,100,1122.11,-1022.11,-483.934,1009.5,-25.5528,6,-6.28
23.008,100,903.18,-803.18,-496.785,13683.3,-20.0795,6,-6.28
