time,setpoint,measured,err,sum_err,der,output,l_speed,r_speed,rolling_mean
0.032,80,117.492,-37.4918,0,-1562.16,-1.12475,4.26475,2.01525,-37.4918
0.064,80,123.631,-43.631,0,-255.801,-1.30893,4.44893,1.83107,-40.5614
0.096,80,122.954,-42.9544,0,28.1904,-1.28863,4.42863,1.85137,-41.3591
0.128,80,112.624,-32.6238,0,430.445,-0.978713,4.11871,2.16129,-39.1753
0.16,80,113.38,-33.3796,0,-31.4926,-1.00139,4.14139,2.13861,-38.0161
0.192,80,119.833,-39.8333,0,-268.904,-1.195,4.335,1.945,-38.319
0.224,80,115.246,-35.246,0,191.136,-1.05738,4.19738,2.08262,-37.88
0.256,80,97.2951,-17.2951,0,747.954,-0.518854,3.65885,2.62115,-35.3069
0.288,80,109.043,-29.0428,0,-489.486,-0.871284,4.01128,2.26872,-34.6109
0.32,80,115.065,-35.0646,0,-250.909,-1.05194,4.19194,2.08806,-34.6563
0.352,80,107.516,-27.5164,0,314.51,-0.825491,3.96549,2.31451,-34.0072
0.384,80,107.033,-27.0328,0,20.1503,-0.810983,3.95098,2.32902,-33.426
0.416,80,110.926,-30.9257,0,-162.205,-0.927771,4.06777,2.21223,-33.2336
0.448,80,106.358,-26.3577,0,190.332,-0.790732,3.93073,2.34927,-32.7425
0.48,80,99.0265,-19.0265,0,305.469,-0.570794,3.71079,2.56921,-31.8281
0.512,80,87.7601,-7.76014,0,469.43,-0.232804,3.3728,2.9072,-30.3239
0.544,80,90.9894,-10.9894,0,-134.552,-0.329681,3.46968,2.81032,-29.1865
0.576,80,86.0755,-6.07546,0,204.747,-0.182264,3.32226,2.95774,-27.9026
0.608,80,78.628,1.37202,0,310.312,0.0411607,3.09884,3.18116,-26.3618
0.64,80,79.3118,0.68824,0,-28.491,0.0206472,3.11935,3.16065,-25.0093
0.672,80,64.0427,15.9573,0,636.212,0.47872,2.66128,3.61872,-23.0585
0.704,80,71.2001,8.79987,0,-298.227,0.263996,2.876,3.404,-21.6104
0.736,80,72.33,7.66999,0,-47.078,0.2301,2.9099,3.3701,-20.3374
0.768,80,63.7883,16.2117,0,355.902,0.48635,2.65365,3.62635,-18.8145
0.8,80,64.542,15.458,0,-31.4025,0.46374,2.67626,3.60374,-17.4436
0.832,80,69.8489,10.1511,0,-221.121,0.304533,2.83547,3.44453,-16.3822
0.864,80,68.786,11.214,0,44.2878,0.33642,2.80358,3.47642,-15.3602
0.896,80,64.0017,15.9983,0,199.345,0.479948,2.66005,3.61995,-14.2402
0.928,80,69.33,10.67,0,-222.012,0.3201,2.8199,3.4601,-13.3812
0.96,80,75.0596,4.94037,0,-238.734,0.148211,2.99179,3.28821,-12.7705
0.992,80,65.8494,14.1506,0,383.759,0.424517,2.71548,3.56452,-11.9021
1.024,80,60.4438,19.5562,0,225.233,0.586685,2.55332,3.72668,-10.919
1.056,80,70.5331,9.46694,0,-420.384,0.284008,2.85599,3.42401,-10.3013
1.088,80,65.1466,14.8534,0,224.437,0.445603,2.6944,3.5856,-9.56143
1.12,80,63.8865,16.1135,0,52.5013,0.483404,2.6566,3.6234,-8.82786
1.152,80,57.5568,22.4432,0,263.739,0.673296,2.4667,3.8133,-7.95922
1.184,80,61.9359,18.0641,0,-182.462,0.541924,2.59808,3.68192,-7.25589
1.216,80,62.8384,17.1616,0,-37.6067,0.514847,2.62515,3.65485,-6.61332
1.248,80,75.5888,4.41117,0,-531.266,0.132335,3.00766,3.27234,-6.33064
1.28,80,62.9948,17.0052,0,524.753,0.510157,2.62984,3.65016,-5.74725
1.312,80,76.0394,3.96061,0,-543.526,0.118818,3.02118,3.25882,-5.51047
1.344,80,64.4829,15.5171,0,481.52,0.465513,2.67449,3.60551,-5.00981
1.376,80,69.7358,10.2642,0,-218.872,0.307925,2.83208,3.44792,-4.6546
1.408,80,69.9405,10.0595,0,-8.5274,0.301785,2.83821,3.44179,-4.32019
1.44,80,56.0895,23.9105,0,577.125,0.717315,2.42269,3.85731,-3.69284
1.472,80,66.7078,13.2922,0,-442.43,0.398765,2.74123,3.53877,-3.3236
1.504,80,66.5906,13.4094,0,4.88283,0.402281,2.73772,3.54228,-2.96758
1.536,80,63.9,16.1,0,112.11,0.483,2.657,3.623,-2.57034
1.568,80,68.8101,11.1899,0,-204.589,0.335696,2.8043,3.4757,-2.28952
1.6,80,64.0327,15.9673,0,199.059,0.479018,2.66098,3.61902,-1.92439
1.632,80,69.0404,10.9596,0,-208.655,0.328787,2.81121,3.46879,-1.67176
1.664,80,71.641,8.35904,0,-108.355,0.250771,2.88923,3.39077,-1.47886
1.696,80,70.6565,9.34353,0,41.0204,0.280306,2.85969,3.42031,-1.27466
1.728,80,68.1183,11.8817,0,105.758,0.356452,2.78355,3.49645,-1.03103
1.76,80,63.2238,16.7762,0,203.936,0.503286,2.63671,3.64329,-0.707259
1.792,80,67.113,12.887,0,-162.048,0.386611,2.75339,3.52661,-0.464503
1.824,80,66.3238,13.6762,0,32.8827,0.410287,2.72971,3.55029,-0.21642
1.856,80,66.3178,13.6822,0,0.248951,0.410466,2.72953,3.55047,0.023211
1.888,80,72.4187,7.58127,0,-254.206,0.227438,2.91256,3.36744,0.151314
1.92,80,65.9877,14.0123,0,267.96,0.420369,2.71963,3.56037,0.38233
1.952,80,67.7732,12.2268,0,-74.3952,0.366805,2.7732,3.5068,0.576502
1.984,80,72.2705,7.72947,0,-187.39,0.231884,2.90812,3.37188,0.691873
2.016,80,62.3661,17.6339,0,412.683,0.529016,2.61098,3.66902,0.960793
2.048,80,65.3934,14.6066,0,-126.135,0.438199,2.7018,3.5782,1.17401
2.08,80,68.2157,11.7843,0,-117.596,0.35353,2.78647,3.49353,1.33725
2.112,80,69.1976,10.8024,0,-40.9131,0.324072,2.81593,3.46407,1.48066
2.144,80,63.6019,16.3981,0,233.154,0.491943,2.64806,3.63194,1.70331
2.176,80,64.2439,15.7561,0,-26.7517,0.472682,2.66732,3.61268,1.90996
2.208,80,67.9558,12.0442,0,-154.662,0.361325,2.77867,3.50133,2.05684
2.24,80,65.7888,14.2112,0,90.2922,0.426336,2.71366,3.56634,2.23047
2.272,80,70.6775,9.32253,0,-203.694,0.279676,2.86032,3.41968,2.33036
2.304,80,70.656,9.34395,0,0.892667,0.280319,2.85968,3.42032,2.42777
2.336,80,68.4743,11.5257,0,90.907,0.345772,2.79423,3.48577,2.5524
2.368,80,67.1553,12.8447,0,54.9592,0.385342,2.75466,3.52534,2.69148
2.4,80,68.1383,11.8617,0,-40.9589,0.355852,2.78415,3.49585,2.81375
2.432,80,69.9057,10.0943,0,-73.6438,0.302828,2.83717,3.44283,2.90955
2.464,80,67.5155,12.4845,0,99.5919,0.374534,2.76547,3.51453,3.0339
2.496,80,64.1285,15.8715,0,141.125,0.476144,2.66386,3.61614,3.19848
2.528,80,70.9211,9.07887,0,-283.025,0.272366,2.86763,3.41237,3.27292
2.56,80,72.1525,7.84751,0,-51.3064,0.235425,2.90457,3.37543,3.3301
2.592,80,63.3018,16.6982,0,368.778,0.500946,2.63905,3.64095,3.49514
2.624,80,67.2507,12.7493,0,-164.536,0.38248,2.75752,3.52248,3.608
2.656,80,70.0958,9.90418,0,-118.548,0.297125,2.84287,3.43713,3.68385
2.688,80,74.5253,5.47471,0,-184.562,0.164241,2.97576,3.30424,3.70517
2.72,80,67.2725,12.7275,0,302.2,0.381825,2.75817,3.52183,3.81132
2.752,80,69.209,10.791,0,-80.6878,0.32373,2.81627,3.46373,3.89248
2.784,80,70.18,9.81999,0,-40.4587,0.2946,2.8454,3.4346,3.96061
2.816,80,67.2289,12.7711,0,122.961,0.383132,2.75687,3.52313,4.06073
2.848,80,62.4223,17.5777,0,200.276,0.52733,2.61267,3.66733,4.2126
2.88,80,72.0519,7.94812,0,-401.232,0.238444,2.90156,3.37844,4.25411
2.912,80,67.2144,12.7856,0,201.564,0.383569,2.75643,3.52357,4.34786
2.944,80,64.8697,15.1303,0,97.6924,0.453908,2.68609,3.59391,4.46506
2.976,80,71.9322,8.06784,0,-294.268,0.242035,2.89796,3.38204,4.5038
3.008,80,71.9723,8.02771,0,-1.67229,0.240831,2.89917,3.38083,4.54129
3.04,80,66.8491,13.1509,0,213.466,0.394527,2.74547,3.53453,4.63192
3.072,80,82.8535,-2.85351,0,-666.85,-0.0856054,3.22561,3.05439,4.55395
3.104,80,86.0768,-6.07675,0,-134.302,-0.182303,3.3223,2.9577,4.44435
3.136,80,79.8792,0.12079,0,258.231,0.0036237,3.13638,3.14362,4.40023
3.168,80,89.5979,-9.59787,0,-404.944,-0.287936,3.42794,2.85206,4.25884
3.2,80,92.2539,-12.2539,0,-110.666,-0.367616,3.50762,2.77238,4.09371
3.232,80,90.1496,-10.1496,0,87.6793,-0.304487,3.44449,2.83551,3.95269
3.264,80,92.5091,-12.5091,0,-98.3165,-0.375274,3.51527,2.76473,3.7913
3.296,80,107.659,-27.6591,0,-631.247,-0.829772,3.96977,2.31023,3.48595
3.328,80,101.268,-21.2684,0,266.28,-0.638051,3.77805,2.50195,3.24793
3.36,80,108.887,-28.8867,0,-317.432,-0.866602,4.0066,2.2734,2.94189
3.392,80,106.721,-26.721,0,90.2407,-0.801629,3.94163,2.33837,2.66205
3.424,80,106.11,-26.1104,0,25.4387,-0.783313,3.92331,2.35669,2.39315
3.456,80,108.732,-28.7319,0,-109.226,-0.861956,4.00196,2.27804,2.10495
3.488,80,112.429,-32.4289,0,-154.043,-0.972866,4.11287,2.16713,1.78813
3.52,80,108.057,-28.0572,0,182.155,-0.841715,3.98171,2.29829,1.51681
3.552,80,108.611,-28.6108,0,-23.0698,-0.858325,3.99832,2.28168,1.24539
3.584,80,105.759,-25.7594,0,118.808,-0.772783,3.91278,2.36722,1.00427
3.616,80,115.93,-35.9302,0,-423.781,-1.07791,4.21791,2.06209,0.677421
3.648,80,112.947,-32.9466,0,124.318,-0.988397,4.1284,2.1516,0.382474
3.68,80,114.909,-34.9094,0,-81.7846,-1.04728,4.18728,2.09272,0.0755879
3.712,80,121.401,-41.4015,0,-270.504,-1.24204,4.38204,1.89796,-0.281973
3.744,80,113.386,-33.3855,0,333.998,-1.00157,4.14157,2.13843,-0.564909
3.776,80,112.037,-32.0367,0,56.202,-0.9611,4.1011,2.1789,-0.831619
3.808,80,112.753,-32.7525,0,-29.8274,-0.982576,4.12258,2.15742,-1.09986
3.84,80,119.105,-39.1045,0,-264.667,-1.17314,4.31314,1.96686,-1.41657
3.872,80,109.343,-29.3434,0,406.715,-0.880301,4.0203,2.2597,-1.64737
3.904,80,114.075,-34.0753,0,-197.165,-1.02226,4.16226,2.11774,-1.91317
3.936,80,114.457,-34.4568,0,-15.8963,-1.0337,4.1737,2.1063,-2.17775
3.968,80,110.593,-30.5929,0,160.997,-0.917787,4.05779,2.22221,-2.40691
4,80,111.152,-31.1517,0,-23.2817,-0.93455,4.07455,2.20545,-2.63687
4.032,80,102.86,-22.8601,0,345.482,-0.685803,3.8258,2.4542,-2.79737
4.064,80,108.718,-28.7176,0,-244.062,-0.861528,4.00153,2.27847,-3.00146
4.096,80,108.41,-28.4095,0,12.8367,-0.852285,3.99229,2.28771,-3.19996
4.128,80,102.344,-22.3444,0,252.712,-0.670332,3.81033,2.46967,-3.34837
4.16,80,94.9772,-14.9772,0,306.969,-0.449315,3.58931,2.69069,-3.43782
4.192,80,98.7573,-18.7573,0,-157.507,-0.56272,3.70272,2.57728,-3.55477
4.224,80,89.9544,-9.95437,0,366.79,-0.298631,3.43863,2.84137,-3.60325
4.256,80,84.4472,-4.44722,0,229.465,-0.133417,3.27342,3.00658,-3.60959
4.288,80,68.745,11.255,0,654.257,0.337649,2.80235,3.47765,-3.49866
4.32,80,72.7526,7.24738,0,-166.982,0.217422,2.92258,3.35742,-3.41906
4.352,80,70.504,9.49598,0,93.6913,0.284879,2.85512,3.42488,-3.3241
4.384,80,77.1318,2.86825,0,-276.155,0.0860474,3.05395,3.22605,-3.2789
4.416,80,64.729,15.271,0,516.782,0.458131,2.68187,3.59813,-3.14448
4.448,80,74.502,5.498,0,-407.209,0.16494,2.97506,3.30494,-3.0823
4.48,80,66.6798,13.3202,0,325.927,0.399607,2.74039,3.53961,-2.96514
4.512,80,68.1702,11.8298,0,-62.1006,0.354895,2.78511,3.49489,-2.86021
4.544,80,65.4662,14.5338,0,112.666,0.436014,2.70399,3.57601,-2.73772
4.576,80,61.3291,18.6709,0,172.378,0.560126,2.57987,3.70013,-2.58801
4.608,80,65.948,14.052,0,-192.454,0.421559,2.71844,3.56156,-2.47246
4.64,80,70.9871,9.01289,0,-209.961,0.270387,2.86961,3.41039,-2.39325
4.672,80,70.2481,9.75189,0,30.7914,0.292557,2.84744,3.43256,-2.31006
4.704,80,68.3307,11.6693,0,79.8938,0.35008,2.78992,3.49008,-2.21496
4.736,80,66.3699,13.6301,0,81.6992,0.408904,2.7311,3.5489,-2.1079
4.768,80,64.8713,15.1287,0,62.4405,0.453861,2.68614,3.59386,-1.99222
4.8,80,68.3264,11.6736,0,-143.96,0.350209,2.78979,3.49021,-1.90111
4.832,80,67.4717,12.5283,0,35.6113,0.375849,2.76415,3.51585,-1.80555
4.864,80,65.5882,14.4118,0,78.4801,0.432355,2.70764,3.57236,-1.69886
4.896,80,66.1108,13.8892,0,-21.7783,0.416675,2.72333,3.55667,-1.59698
4.928,80,66.4227,13.5773,0,-12.9939,0.407319,2.73268,3.54732,-1.49844
4.96,80,67.189,12.811,0,-31.9303,0.384329,2.75567,3.52433,-1.40613
4.992,80,61.162,18.838,0,251.125,0.565139,2.57486,3.70514,-1.27636
5.024,80,66.7821,13.2179,0,-234.17,0.396536,2.74346,3.53654,-1.18404
5.056,80,68.2646,11.7354,0,-61.7713,0.352061,2.78794,3.49206,-1.10227
5.088,80,68.7804,11.2196,0,-21.4918,0.336587,2.80341,3.47659,-1.02477
5.12,80,58.6607,21.3393,0,421.655,0.640178,2.49982,3.78018,-0.884996
5.152,80,61.727,18.273,0,-127.76,0.548191,2.59181,3.68819,-0.766002
5.184,80,69.8055,10.1945,0,-336.604,0.305836,2.83416,3.44584,-0.698345
5.216,80,67.9034,12.0966,0,79.2554,0.362899,2.7771,3.5029,-0.619848
5.248,80,67.8776,12.1224,0,1.07499,0.363673,2.77633,3.50367,-0.542151
5.28,80,73.1436,6.85644,0,-219.417,0.205693,2.93431,3.34569,-0.497311
5.312,80,71.6225,8.37747,0,63.3764,0.251324,2.88868,3.39132,-0.443848
5.344,80,64.7889,15.2111,0,284.736,0.456334,2.68367,3.59633,-0.350106
5.376,80,64.417,15.583,0,15.4927,0.467489,2.67251,3.60749,-0.255266
5.408,80,65.3462,14.6538,0,-38.7153,0.439614,2.70039,3.57961,-0.167047
5.44,80,71.2306,8.76945,0,-245.181,0.263083,2.87692,3.40308,-0.114479
5.472,80,72.0038,7.99623,0,-32.2174,0.239887,2.90011,3.37989,-0.0670482
5.504,80,72.0607,7.93925,0,-2.37412,0.238178,2.90182,3.37818,-0.0204999
5.536,80,61.6872,18.3128,0,432.23,0.549383,2.59062,3.68938,0.0854727
5.568,80,67.1076,12.8924,0,-225.848,0.386772,2.75323,3.52677,0.159076
5.6,80,64.9716,15.0284,0,89.0008,0.450853,2.68915,3.59085,0.244044
5.632,80,62.9807,17.0193,0,82.9525,0.510579,2.62942,3.65058,0.339358
5.664,80,68.8239,11.1761,0,-243.467,0.335283,2.80472,3.47528,0.400582
5.696,80,68.9309,11.0691,0,-4.45846,0.332073,2.80793,3.47207,0.460517
5.728,80,71.6445,8.35546,0,-113.068,0.250664,2.88934,3.39066,0.504623
5.76,80,70.418,9.58202,0,51.1066,0.287461,2.85254,3.42746,0.555053
5.792,80,65.2806,14.7194,0,214.056,0.441581,2.69842,3.58158,0.633309
5.824,80,72.5784,7.42155,0,-304.076,0.222647,2.91735,3.36265,0.670607
5.856,80,65.7516,14.2484,0,284.452,0.427452,2.71255,3.56745,0.744803
5.888,80,67.3587,12.6413,0,-66.9607,0.37924,2.76076,3.51924,0.809458
5.92,80,66.2416,13.7584,0,46.5434,0.412752,2.72725,3.55275,0.879452
5.952,80,70.8342,9.16581,0,-191.358,0.274974,2.86503,3.41497,0.924003
5.984,80,69.9823,10.0177,0,35.4952,0.300531,2.83947,3.44053,0.972632
6.016,80,64.8286,15.1714,0,214.736,0.455141,2.68486,3.59514,1.04816
6.048,80,73.0179,6.98212,0,-341.218,0.209464,2.93054,3.34946,1.07955
6.08,80,66.9708,13.0292,0,251.963,0.390877,2.74912,3.53088,1.14245
6.112,80,64.8372,15.1628,0,88.8989,0.454884,2.68512,3.59488,1.21585
6.144,80,64.5279,15.4721,0,12.8867,0.464163,2.67584,3.60416,1.2901
6.176,80,59.8164,20.1836,0,196.311,0.605507,2.53449,3.74551,1.388
6.208,80,69.48,10.52,0,-402.65,0.315599,2.8244,3.4556,1.43507
6.24,80,65.4243,14.5757,0,168.989,0.437271,2.70273,3.57727,1.50246
6.272,80,67.2221,12.7779,0,-74.9071,0.383338,2.75666,3.52334,1.55998
6.304,80,69.6905,10.3095,0,-102.85,0.309286,2.83071,3.44929,1.6044
6.336,80,65.3042,14.6958,0,182.76,0.440873,2.69913,3.58087,1.67052
6.368,80,75.3251,4.67488,0,-417.537,0.140247,2.99975,3.28025,1.68561
6.4,80,61.2425,18.7575,0,586.774,0.562724,2.57728,3.70272,1.77097
6.432,80,64.8011,15.1989,0,-148.275,0.455966,2.68403,3.59597,1.83778
6.464,80,70.5358,9.46424,0,-238.942,0.283927,2.85607,3.42393,1.87553
6.496,80,69.1854,10.8146,0,56.2662,0.324439,2.81556,3.46444,1.91957
6.528,80,76.8022,3.19783,0,-317.366,0.095935,3.04406,3.23594,1.92583
6.56,80,70.8696,9.13042,0,247.191,0.273913,2.86609,3.41391,1.96098
6.592,80,74.3891,5.6109,0,-146.646,0.168327,2.97167,3.30833,1.9787
6.624,80,77.3003,2.69974,0,-121.299,0.0809921,3.05901,3.22099,1.98218
6.656,80,76.0057,3.99432,0,53.9408,0.119829,3.02017,3.25983,1.99185
6.688,80,84.2454,-4.24543,0,-343.323,-0.127363,3.26736,3.01264,1.96201
6.72,80,91.9726,-11.9726,0,-321.964,-0.359177,3.49918,2.78082,1.89566
6.752,80,86.5172,-6.51722,0,227.306,-0.195516,3.33552,2.94448,1.85578
6.784,80,97.5992,-17.5992,0,-461.748,-0.527975,3.66798,2.61202,1.76401
6.816,80,102.138,-22.1376,0,-189.1,-0.664127,3.80413,2.47587,1.6518
6.848,80,101.865,-21.8655,0,11.3372,-0.655964,3.79596,2.48404,1.54191
6.88,80,108.705,-28.7054,0,-284.998,-0.861163,4.00116,2.27884,1.40122
6.912,80,108.688,-28.6876,0,0.74263,-0.860628,4.00063,2.27937,1.26192
6.944,80,99.2385,-19.2385,0,393.711,-0.577156,3.71716,2.56284,1.16745
6.976,80,108.904,-28.9045,0,-402.746,-0.867134,4.00713,2.27287,1.02951
7.008,80,109.652,-29.6519,0,-31.1446,-0.889558,4.02956,2.25044,0.889407
7.04,80,107.219,-27.2188,0,101.379,-0.816565,3.95657,2.32343,0.761642
7.072,80,113.339,-33.3388,0,-254.997,-1.00016,4.14016,2.13984,0.607342
7.104,80,109.67,-29.6696,0,152.882,-0.890088,4.03009,2.24991,0.470959
7.136,80,115.492,-35.4917,0,-242.587,-1.06475,4.20475,2.07525,0.309692
7.168,80,116.762,-36.7623,0,-52.9426,-1.10287,4.24287,2.03713,0.144192
7.2,80,115.403,-35.4033,0,56.6239,-1.0621,4.2021,2.0779,-0.0137971
7.232,80,117.98,-37.9801,0,-107.363,-1.1394,4.2794,2.0006,-0.181789
7.264,80,115.445,-35.4454,0,105.611,-1.06336,4.20336,2.07664,-0.337136
7.296,80,115.608,-35.6082,0,-6.78545,-1.06825,4.20825,2.07175,-0.491833
7.328,80,117.646,-37.646,0,-84.9053,-1.12938,4.26938,2.01062,-0.654079
7.36,80,110.442,-30.4425,0,300.145,-0.913274,4.05327,2.22673,-0.783593
7.392,80,116.485,-36.485,0,-251.771,-1.09455,4.23455,2.04545,-0.938145
7.424,80,107.788,-27.7885,0,362.355,-0.833654,3.97365,2.30635,-1.05388
7.456,80,111.407,-31.4073,0,-150.784,-0.942218,4.08222,2.19778,-1.18415
7.488,80,105.43,-25.4301,0,249.048,-0.762903,3.9029,2.3771,-1.28777
7.52,80,112.701,-32.7006,0,-302.935,-0.981017,4.12102,2.15898,-1.42144
7.552,80,109.14,-29.1397,0,148.37,-0.87419,4.01419,2.26581,-1.53889
7.584,80,100.324,-20.3236,0,367.336,-0.609708,3.74971,2.53029,-1.61815
7.616,80,102.399,-22.3986,0,-86.4589,-0.671958,3.81196,2.46804,-1.70546
7.648,80,99.9234,-19.9234,0,103.135,-0.597701,3.7377,2.5423,-1.78169
7.68,80,91.857,-11.857,0,336.097,-0.355711,3.49571,2.78429,-1.82367
7.712,80,88.4171,-8.41707,0,143.333,-0.252512,3.39251,2.88749,-1.85103
7.744,80,86.0958,-6.09578,0,96.7206,-0.182873,3.32287,2.95713,-1.86857
7.776,80,80.8145,-0.81452,0,220.052,-0.0244356,3.16444,3.11556,-1.86423
7.808,80,78.8575,1.14249,0,81.5423,0.0342748,3.10573,3.17427,-1.85191
7.84,80,70.0076,9.9924,0,368.746,0.299772,2.84023,3.43977,-1.80356
7.872,80,74.9022,5.09783,0,-203.94,0.152935,2.98707,3.29293,-1.77551
7.904,80,75.6166,4.38345,0,-29.7659,0.131503,3.0085,3.2715,-1.75057
7.936,80,70.3725,9.62748,0,218.501,0.288824,2.85118,3.42882,-1.70469
7.968,80,65.2744,14.7256,0,212.422,0.441768,2.69823,3.58177,-1.63871
8,80,64.456,15.544,0,34.1003,0.46632,2.67368,3.60632,-1.56998
8.032,80,62.5382,17.4618,0,79.9074,0.523854,2.61615,3.66385,-1.49415
8.064,80,69.6756,10.3244,0,-297.389,0.309733,2.83027,3.44973,-1.44725
8.096,80,70.7021,9.29785,0,-42.7745,0.278936,2.86106,3.41894,-1.40478
8.128,80,66.4955,13.5045,0,175.277,0.405135,2.73486,3.54514,-1.34609
8.16,80,67.1369,12.8631,0,-26.7258,0.385893,2.75411,3.52589,-1.29036
8.192,80,73.0813,6.91869,0,-247.683,0.207561,2.93244,3.34756,-1.2583
8.224,80,68.6671,11.3329,0,183.925,0.339986,2.80001,3.47999,-1.2093
8.256,80,63.2794,16.7206,0,224.489,0.501618,2.63838,3.64162,-1.13981
8.288,80,67.8821,12.1179,0,-191.78,0.363537,2.77646,3.50354,-1.08862
8.32,80,65.8433,14.1567,0,84.9511,0.424701,2.7153,3.5647,-1.02998
8.352,80,65.0688,14.9312,0,32.2711,0.447937,2.69206,3.58794,-0.96883
8.384,80,64.7497,15.2503,0,13.2934,0.457508,2.68249,3.59751,-0.906925
8.416,80,68.8085,11.1915,0,-169.113,0.335746,2.80425,3.47575,-0.860923
8.448,80,65.1679,14.8321,0,151.69,0.444963,2.69504,3.58496,-0.80148
8.48,80,70.0294,9.97059,0,-202.563,0.299118,2.84088,3.43912,-0.760831
8.512,80,67.663,12.337,0,98.6003,0.37011,2.76989,3.51011,-0.711591
8.544,80,63.8005,16.1995,0,160.937,0.485985,2.65402,3.62598,-0.648253
8.576,80,69.9843,10.0157,0,-257.656,0.300472,2.83953,3.44047,-0.608462
8.608,80,68.474,11.526,0,62.9274,0.34578,2.79422,3.48578,-0.563353
8.64,80,63.6095,16.3905,0,202.689,0.491716,2.64828,3.63172,-0.500561
8.672,80,71.176,8.82404,0,-315.271,0.264721,2.87528,3.40472,-0.466152
8.704,80,64.8482,15.1518,0,263.658,0.454555,2.68544,3.59456,-0.408733
8.736,80,63.9081,16.0919,0,39.1685,0.482756,2.65724,3.62276,-0.348292
8.768,80,63.4793,16.5207,0,17.8665,0.49562,2.64438,3.63562,-0.286726
8.8,80,62.437,17.563,0,43.431,0.526891,2.61311,3.66689,-0.221818
8.832,80,60.0994,19.9006,0,97.3993,0.597018,2.54298,3.73702,-0.14891
8.864,80,70.8454,9.15459,0,-447.75,0.274638,2.86536,3.41464,-0.115324
8.896,80,67.8961,12.1039,0,122.888,0.363117,2.77688,3.50312,-0.0713698
8.928,80,67.4522,12.5478,0,18.4946,0.376433,2.76357,3.51643,-0.0261399
8.96,80,65.9532,14.0468,0,62.4608,0.421405,2.7186,3.5614,0.0241207
8.992,80,65.4757,14.5243,0,19.8936,0.435728,2.70427,3.57573,0.0757227
9.024,80,70.8738,9.12617,0,-224.921,0.273785,2.86621,3.41379,0.107816
9.056,80,63.2018,16.7982,0,319.669,0.503947,2.63605,3.64395,0.166793
9.088,80,67.5763,12.4237,0,-182.272,0.372711,2.76729,3.51271,0.209951
9.12,80,62.1451,17.8549,0,226.301,0.535648,2.60435,3.67565,0.271864
9.152,80,66.0893,13.9107,0,-164.343,0.417321,2.72268,3.55732,0.319552
9.184,80,65.8602,14.1398,0,9.5449,0.424193,2.71581,3.56419,0.367706
9.216,80,65.7588,14.2412,0,4.2255,0.427236,2.71276,3.56724,0.415878
9.248,80,66.6077,13.3923,0,-35.3724,0.401768,2.73823,3.54177,0.460779
9.28,80,70.4917,9.50832,0,-161.83,0.28525,2.85475,3.42525,0.491977
9.312,80,65.2766,14.7234,0,217.293,0.441701,2.6983,3.5817,0.540882
9.344,80,66.4465,13.5535,0,-48.7446,0.406604,2.7334,3.5466,0.585446
9.376,80,71.3547,8.64527,0,-204.509,0.259358,2.88064,3.39936,0.612954
9.408,80,73.4299,6.57009,0,-86.4657,0.197103,2.9429,3.3371,0.633216
9.44,80,67.8572,12.1428,0,232.195,0.364283,2.77572,3.50428,0.672232
9.472,80,61.9286,18.0714,0,247.027,0.542142,2.59786,3.68214,0.731012
9.504,80,71.175,8.825,0,-385.267,0.26475,2.87525,3.40475,0.758265
9.536,80,62.2078,17.7922,0,373.632,0.533765,2.60623,3.67377,0.815426
9.568,80,65.1831,14.8169,0,-123.972,0.444506,2.69549,3.58451,0.862253
9.6,80,63.5124,16.4876,0,69.6129,0.494627,2.64537,3.63463,0.914338
9.632,80,70.1472,9.85284,0,-276.447,0.295585,2.84441,3.43559,0.944034
9.664,80,62.6155,17.3845,0,313.821,0.521536,2.61846,3.66154,0.998472
9.696,80,71.8359,8.16406,0,-384.187,0.244922,2.89508,3.38492,1.02212
9.728,80,70.8555,9.14447,0,40.8501,0.274334,2.86567,3.41433,1.04884
9.76,80,71.4536,8.54642,0,-24.9184,0.256393,2.88361,3.39639,1.07342
9.792,80,65.7902,14.2098,0,235.976,0.426295,2.7137,3.5663,1.11635
9.824,80,68.2201,11.7799,0,-101.25,0.353396,2.7866,3.4934,1.15109
9.856,80,65.1067,14.8933,0,129.727,0.446799,2.6932,3.5868,1.1957
9.888,80,71.6031,8.3969,0,-270.683,0.251907,2.88809,3.39191,1.21901
9.92,80,69.2807,10.7193,0,96.7675,0.32158,2.81842,3.46158,1.24965
9.952,80,69.9369,10.0631,0,-27.3435,0.301892,2.83811,3.44189,1.27799
9.984,80,65.5549,14.4451,0,182.583,0.433352,2.70665,3.57335,1.3202
10.016,80,77.6598,2.3402,0,-504.369,0.0702061,3.06979,3.21021,1.32345
10.048,80,78.4457,1.55434,0,-32.7443,0.0466301,3.09337,3.18663,1.32419
10.08,80,80.3037,-0.303711,0,-77.4187,-0.00911132,3.14911,3.13089,1.31902
10.112,80,86.1128,-6.11277,0,-242.044,-0.183383,3.32338,2.95662,1.2955
10.144,80,85.213,-5.21299,0,37.4908,-0.15639,3.29639,2.98361,1.27497
10.176,80,89.677,-9.67696,0,-185.999,-0.290309,3.43031,2.84969,1.24053
10.208,80,84.9048,-4.90478,0,198.841,-0.147144,3.28714,2.99286,1.22127
10.24,80,91.4264,-11.4264,0,-271.735,-0.342792,3.48279,2.79721,1.18174
10.272,80,99.0481,-19.0481,0,-317.57,-0.571443,3.71144,2.56856,1.11872
10.304,80,103.256,-23.2558,0,-175.32,-0.697673,3.83767,2.44233,1.04303
10.336,80,107.363,-27.3632,0,-171.145,-0.820897,3.9609,2.3191,0.95508
10.368,80,110.599,-30.5992,0,-134.83,-0.917975,4.05798,2.22202,0.85769
10.4,80,103.105,-23.1046,0,312.272,-0.693139,3.83314,2.44686,0.78396
10.432,80,110.547,-30.5467,0,-310.086,-0.916402,4.0564,2.2236,0.687854
10.464,80,108.951,-28.9512,0,66.4816,-0.868535,4.00853,2.27147,0.597214
10.496,80,107.069,-27.069,0,78.4221,-0.812071,3.95207,2.32793,0.512866
10.528,80,112.633,-32.6328,0,-231.823,-0.978984,4.11898,2.16102,0.412119
10.56,80,109.145,-29.1454,0,145.31,-0.874361,4.01436,2.26564,0.322551
10.592,80,114.757,-34.7566,0,-233.801,-1.0427,4.1827,2.0973,0.216572
10.624,80,114.107,-34.1071,0,27.061,-1.02321,4.16321,2.11679,0.113188
10.656,80,118.289,-38.2887,0,-174.233,-1.14866,4.28866,1.99134,-0.00213344
10.688,80,123.49,-43.4897,0,-216.708,-1.30469,4.44469,1.83531,-0.132336
10.72,80,114.484,-34.4844,0,375.221,-1.03453,4.17453,2.10547,-0.234879
10.752,80,111.521,-31.5207,0,123.489,-0.94562,4.08562,2.19438,-0.327992
10.784,80,115.497,-35.4971,0,-165.686,-1.06491,4.20491,2.07509,-0.432351
10.816,80,111.766,-31.7665,0,155.443,-0.952994,4.09299,2.18701,-0.525055
10.848,80,115.468,-35.4683,0,-154.242,-1.06405,4.20405,2.07595,-0.628133
10.88,80,114.098,-34.0983,0,57.0826,-1.02295,4.16295,2.11705,-0.726575
10.912,80,114.612,-34.6119,0,-21.4019,-1.03836,4.17836,2.10164,-0.825945
10.944,80,104.476,-24.4759,0,422.336,-0.734276,3.87428,2.40572,-0.895097
10.976,80,115.943,-35.9425,0,-477.776,-1.07828,4.21828,2.06172,-0.997276
11.008,80,111.905,-31.9048,0,168.239,-0.957143,4.09714,2.18286,-1.08712
11.04,80,103.915,-23.9145,0,332.927,-0.717435,3.85744,2.42256,-1.15329
11.072,80,109.634,-29.6336,0,-238.294,-0.889007,4.02901,2.25099,-1.2356
11.104,80,96.9585,-16.9585,0,528.129,-0.508755,3.64875,2.63125,-1.28091
11.136,80,96.8421,-16.8421,0,4.85075,-0.505262,3.64526,2.63474,-1.32563
11.168,80,90.1099,-10.1099,0,280.505,-0.303298,3.4433,2.8367,-1.3508
11.2,80,82.3034,-2.30341,0,325.272,-0.0691024,3.2091,3.0709,-1.35352
11.232,80,80.071,-0.0709597,0,93.0189,-0.00212879,3.14213,3.13787,-1.34987
11.264,80,77.8132,2.18677,0,94.0721,0.0656031,3.0744,3.2056,-1.33982
11.296,80,79.7917,0.208321,0,-82.4354,0.00624964,3.13375,3.14625,-1.33543
11.328,80,80.3609,-0.360909,0,-23.7179,-0.0108273,3.15083,3.12917,-1.33268
11.36,80,74.5428,5.45717,0,242.42,0.163715,2.97628,3.30372,-1.31356
11.392,80,66.4351,13.5649,0,337.82,0.406946,2.73305,3.54695,-1.27176
11.424,80,71.0973,8.90274,0,-194.255,0.267082,2.87292,3.40708,-1.24326
11.456,80,70.2603,9.7397,0,34.8731,0.292191,2.84781,3.43219,-1.21258
11.488,80,67.008,12.992,0,135.511,0.389759,2.75024,3.52976,-1.17302
11.52,80,69.2829,10.7171,0,-94.784,0.321514,2.81849,3.46151,-1.13999
11.552,80,68.5317,11.4683,0,31.2994,0.34405,2.79595,3.48405,-1.10506
11.584,80,65.9275,14.0725,0,108.507,0.422175,2.71783,3.56217,-1.06313
11.616,80,70.2237,9.77632,0,-179.007,0.29329,2.84671,3.43329,-1.03327
11.648,80,63.8455,16.1545,0,265.756,0.484634,2.65537,3.62463,-0.986055
11.68,80,69.1641,10.8359,0,-221.605,0.325078,2.81492,3.46508,-0.953666
11.712,80,68.8274,11.1726,0,14.0293,0.335179,2.80482,3.47518,-0.920534
11.744,80,68.2414,11.7586,0,24.4145,0.352757,2.78724,3.49276,-0.885986
11.776,80,63.9931,16.0069,0,177.012,0.480206,2.65979,3.62021,-0.840081
11.808,80,66.9159,13.0841,0,-121.783,0.392522,2.74748,3.53252,-0.802347
11.84,80,68.8585,11.1415,0,-80.9403,0.334245,2.80575,3.47425,-0.770066
11.872,80,66.5221,13.4779,0,97.3496,0.404337,2.73566,3.54434,-0.731662
11.904,80,67.729,12.271,0,-50.2896,0.368129,2.77187,3.50813,-0.696708
11.936,80,64.162,15.838,0,148.627,0.47514,2.66486,3.61514,-0.652379
11.968,80,66.2871,13.7129,0,-88.5476,0.411386,2.72861,3.55139,-0.61397
12,80,57.4495,22.5505,0,368.237,0.676516,2.46348,3.81652,-0.552198
12.032,80,62.7566,17.2434,0,-221.133,0.517301,2.6227,3.6573,-0.504869
12.064,80,69.0168,10.9832,0,-260.84,0.329495,2.8105,3.4695,-0.474397
12.096,80,66.0386,13.9614,0,124.094,0.418843,2.72116,3.55884,-0.436207
12.128,80,59.3196,20.6804,0,279.957,0.620412,2.51959,3.76041,-0.38049
12.16,80,75.0515,4.94851,0,-655.496,0.148455,2.99154,3.28846,-0.366466
12.192,80,65.5658,14.4342,0,395.236,0.433025,2.70697,3.57303,-0.32762
12.224,80,68.5822,11.4178,0,-125.682,0.342534,2.79747,3.48253,-0.296872
12.256,80,66.3078,13.6922,0,94.7669,0.410766,2.72923,3.55077,-0.260347
12.288,80,71.6013,8.39869,0,-220.563,0.251961,2.88804,3.39196,-0.237798
12.32,80,63.0961,16.9039,0,354.384,0.507117,2.63288,3.64712,-0.193274
12.352,80,67.6981,12.3019,0,-191.748,0.369058,2.77094,3.50906,-0.160903
12.384,80,69.9145,10.0855,0,-92.353,0.302564,2.83744,3.44256,-0.134426
12.416,80,72.6252,7.37479,0,-112.945,0.221244,2.91876,3.36124,-0.115073
12.448,80,66.8465,13.1535,0,240.779,0.394605,2.7454,3.5346,-0.0809634
12.48,80,65.1302,14.8698,0,71.5111,0.446093,2.69391,3.58609,-0.0426282
12.512,80,67.4732,12.5268,0,-97.6231,0.375804,2.7642,3.5158,-0.0104814
12.544,80,67.4465,12.5535,0,1.11133,0.376604,2.7634,3.5166,0.0215696
12.576,80,68.5193,11.4807,0,-44.6984,0.344421,2.79558,3.48442,0.0507277
12.608,80,65.4543,14.5457,0,127.708,0.436371,2.70363,3.57637,0.0875169
12.64,80,73.7844,6.21556,0,-347.089,0.186467,2.95353,3.32647,0.103031
12.672,80,66.9115,13.0885,0,286.373,0.392656,2.74734,3.53266,0.135823
12.704,80,62.5362,17.4638,0,182.301,0.523913,2.61609,3.66391,0.17947
12.736,80,63.8106,16.1894,0,-53.0969,0.485683,2.65432,3.62568,0.219696
12.768,80,70.2555,9.74453,0,-268.537,0.292336,2.84766,3.43234,0.243568
12.8,80,71.3902,8.6098,0,-47.2805,0.258294,2.88171,3.39829,0.264483
12.832,80,70.863,9.13699,0,21.9664,0.27411,2.86589,3.41411,0.286609
12.864,80,63.5802,16.4198,0,303.45,0.492594,2.64741,3.63259,0.326741
12.896,80,68.7775,11.2225,0,-216.552,0.336676,2.80332,3.47668,0.353778
12.928,80,65.4295,14.5705,0,139.5,0.437116,2.70288,3.57712,0.388968
12.96,80,63.4173,16.5827,0,83.8412,0.497482,2.64252,3.63748,0.428953
12.992,80,71.34,8.65999,0,-330.114,0.2598,2.8802,3.3998,0.449226
13.024,80,64.2299,15.7701,0,296.253,0.473102,2.6669,3.6131,0.48687
13.056,80,67.5891,12.4109,0,-139.965,0.372327,2.76767,3.51233,0.516095
13.088,80,71.6157,8.38432,0,-167.774,0.25153,2.88847,3.39153,0.535333
13.12,80,62.6051,17.3949,0,375.44,0.521846,2.61815,3.66185,0.576454
13.152,80,61.3871,18.6129,0,50.7514,0.558387,2.58161,3.69839,0.620338
13.184,80,67.7804,12.2196,0,-266.389,0.366587,2.77341,3.50659,0.648491
13.216,80,64.2975,15.7025,0,145.123,0.471076,2.66892,3.61108,0.684942
13.248,80,72.9813,7.01875,0,-361.824,0.210562,2.92944,3.35056,0.700241
13.28,80,70.6844,9.31558,0,95.7015,0.279468,2.86053,3.41947,0.721001
13.312,80,66.678,13.322,0,166.936,0.399661,2.74034,3.53966,0.751292
13.344,80,67.3432,12.6568,0,-27.7203,0.379703,2.7603,3.5197,0.779842
13.376,80,69.7727,10.2273,0,-101.227,0.30682,2.83318,3.44682,0.802444
13.408,80,74.1664,5.83356,0,-183.074,0.175007,2.96499,3.31501,0.814451
13.44,80,71.1309,8.86913,0,126.482,0.266074,2.87393,3.40607,0.833629
13.472,80,60.8772,19.1228,0,427.238,0.573685,2.56632,3.71368,0.877071
13.504,80,69.0509,10.9491,0,-340.574,0.328472,2.81153,3.46847,0.900938
13.536,80,66.557,13.443,0,103.913,0.40329,2.73671,3.54329,0.930589
13.568,80,67.6319,12.3681,0,-44.7862,0.371044,2.76896,3.51104,0.957564
13.6,80,70.5235,9.47647,0,-120.485,0.284294,2.85571,3.42429,0.977608
13.632,80,71.6843,8.31569,0,-48.366,0.249471,2.89053,3.38947,0.994834
13.664,80,71.4992,8.50076,0,7.71123,0.255023,2.88498,3.39502,1.01241
13.696,80,76.3268,3.67321,0,-201.148,0.110196,3.0298,3.2502,1.01863
13.728,80,77.2243,2.77575,0,-37.3942,0.0832725,3.05673,3.22327,1.02272
13.76,80,81.9393,-1.93935,0,-196.462,-0.0581804,3.19818,3.08182,1.01584
13.792,80,82.6535,-2.65354,0,-29.7581,-0.0796063,3.21961,3.06039,1.00732
13.824,80,87.3741,-7.37414,0,-196.692,-0.221224,3.36122,2.91878,0.987921
13.856,80,89.5472,-9.5472,0,-90.5442,-0.286416,3.42642,2.85358,0.963591
13.888,80,96.6708,-16.6708,0,-296.817,-0.500124,3.64012,2.63988,0.922958
13.92,80,98.2027,-18.2027,0,-63.8285,-0.54608,3.68608,2.59392,0.878991
13.952,80,106.016,-26.016,0,-325.557,-0.780481,3.92048,2.35952,0.817306
13.984,80,100.011,-20.0111,0,250.207,-0.600332,3.74033,2.53967,0.769643
14.016,80,104.807,-24.8065,0,-199.811,-0.744196,3.8842,2.3958,0.71125
14.048,80,109.263,-29.2631,0,-185.692,-0.877894,4.01789,2.26211,0.642972
14.08,80,114.33,-34.3301,0,-211.125,-1.0299,4.1699,2.1101,0.563487
14.112,80,111.819,-31.8186,0,104.646,-0.954559,4.09456,2.18544,0.490058
14.144,80,106.317,-26.3171,0,229.23,-0.789513,3.92951,2.35049,0.429409
14.176,80,114.326,-34.3259,0,-333.698,-1.02978,4.16978,2.11022,0.350954
14.208,80,116.099,-36.0992,0,-73.8896,-1.08298,4.22298,2.05702,0.268859
14.24,80,116.26,-36.2601,0,-6.70317,-1.0878,4.2278,2.0522,0.186772
14.272,80,111.33,-31.3299,0,205.424,-0.939897,4.0799,2.2001,0.116107
14.304,80,118.151,-38.1511,0,-284.216,-1.14453,4.28453,1.99547,0.0304978
14.336,80,117.434,-37.434,0,29.8785,-1.12302,4.26302,2.01698,-0.0531284
14.368,80,111.457,-31.4574,0,249.025,-0.943722,4.08372,2.19628,-0.123071
14.4,80,113.995,-33.9948,0,-105.723,-1.01984,4.15984,2.12016,-0.198342
14.432,80,107.681,-27.6807,0,263.085,-0.830422,3.97042,2.30958,-0.259278
14.464,80,117.316,-37.3161,0,-401.474,-1.11948,4.25948,2.02052,-0.341262
14.496,80,116.907,-36.9071,0,17.0421,-1.10721,4.24721,2.03279,-0.421981
14.528,80,120.594,-40.5937,0,-153.61,-1.21781,4.35781,1.92219,-0.510466
14.56,80,108.251,-28.2506,0,514.298,-0.847518,3.98752,2.29248,-0.571433
14.592,80,111.606,-31.6056,0,-139.79,-0.948167,4.08817,2.19183,-0.63949
14.624,80,114.618,-34.6176,0,-125.503,-1.03853,4.17853,2.10147,-0.713841
14.656,80,109.307,-29.3074,0,221.261,-0.879221,4.01922,2.26078,-0.776272
14.688,80,108.586,-28.5862,0,30.0501,-0.857585,3.99758,2.28242,-0.83686
14.72,80,107.517,-27.5174,0,44.5337,-0.825521,3.96552,2.31448,-0.894861
14.752,80,110.229,-30.2294,0,-113.002,-0.906882,4.04688,2.23312,-0.958493
14.784,80,100.501,-20.5009,0,405.355,-0.615027,3.75503,2.52497,-1.00079
14.816,80,100.929,-20.9286,0,-17.8204,-0.627857,3.76786,2.51214,-1.04383
14.848,80,95.0176,-15.0176,0,246.292,-0.450527,3.59053,2.68947,-1.07395
14.88,80,95.1567,-15.1567,0,-5.79949,-0.454702,3.5947,2.6853,-1.10423
14.912,80,89.3477,-9.34769,0,242.044,-0.280431,3.42043,2.85957,-1.12192
14.944,80,82.7909,-2.79094,0,273.198,-0.0837282,3.22373,3.05627,-1.1255
14.976,80,79.6735,0.326456,0,129.892,0.00979369,3.13021,3.14979,-1.1224
15.008,80,67.3187,12.6813,0,514.784,0.380438,2.75956,3.52044,-1.09296
15.04,80,73.7832,6.21684,0,-269.352,0.186505,2.95349,3.32651,-1.07741
15.072,80,64.2245,15.7755,0,398.276,0.473264,2.66674,3.61326,-1.04163
15.104,80,70.1312,9.86879,0,-246.111,0.296064,2.84394,3.43606,-1.01851
15.136,80,66.8948,13.1052,0,134.851,0.393156,2.74684,3.53316,-0.988655
15.168,80,69.0508,10.9492,0,-89.832,0.328477,2.81152,3.46848,-0.963469
15.2,80,65.9321,14.0679,0,129.945,0.422037,2.71796,3.56204,-0.931824
15.232,80,72.5941,7.40587,0,-277.585,0.222176,2.91782,3.36218,-0.914308
15.264,80,69.7545,10.2455,0,118.319,0.307366,2.83263,3.44737,-0.890912
15.296,80,66.7932,13.2068,0,123.388,0.396205,2.7438,3.5362,-0.861419
15.328,80,65.528,14.472,0,52.7165,0.434161,2.70584,3.57416,-0.829408
15.36,80,70.0178,9.98217,0,-187.077,0.299465,2.84053,3.43947,-0.806884
15.392,80,65.3319,14.6681,0,195.247,0.440043,2.69996,3.58004,-0.774711
15.424,80,70.0455,9.95446,0,-196.402,0.298634,2.84137,3.43863,-0.752452
15.456,80,66.9322,13.0678,0,129.722,0.392034,2.74797,3.53203,-0.723838
15.488,80,63.2803,16.7197,0,152.162,0.501591,2.63841,3.64159,-0.687798
15.52,80,67.2126,12.7874,0,-163.847,0.383621,2.75638,3.52362,-0.660014
15.552,80,65.6314,14.3686,0,65.8863,0.431059,2.70894,3.57106,-0.629091
15.584,80,62.7403,17.2597,0,120.46,0.51779,2.62221,3.65779,-0.592358
15.616,80,67.5313,12.4687,0,-199.622,0.374062,2.76594,3.51406,-0.565594
15.648,80,68.004,11.996,0,-19.6994,0.359879,2.78012,3.49988,-0.539906
15.68,80,73.895,6.10495,0,-245.459,0.183149,2.95685,3.32315,-0.526345
15.712,80,70.3835,9.6165,0,146.315,0.288495,2.85151,3.42849,-0.505687
15.744,80,67.4057,12.5943,0,124.075,0.377829,2.76217,3.51783,-0.479061
15.776,80,63.4812,16.5188,0,163.52,0.495563,2.64444,3.63556,-0.444583
15.808,80,66.122,13.878,0,-110.032,0.41634,2.72366,3.55634,-0.41559
15.84,80,66.1459,13.8541,0,-0.996271,0.415623,2.72438,3.55562,-0.386762
15.872,80,63.3089,16.6911,0,118.209,0.500733,2.63927,3.64073,-0.352331
15.904,80,62.5759,17.4241,0,30.5418,0.522723,2.61728,3.66272,-0.316563
15.936,80,69.1949,10.8051,0,-275.792,0.324152,2.81585,3.46415,-0.294231
15.968,80,64.6762,15.3238,0,188.282,0.459715,2.68028,3.59972,-0.262932
16,80,74.2979,5.70206,0,-400.907,0.171062,2.96894,3.31106,-0.251002
16.032,80,67.5673,12.4327,0,280.444,0.372982,2.76702,3.51298,-0.225685
16.064,80,66.6961,13.3039,0,36.2975,0.399116,2.74088,3.53912,-0.198734
16.096,80,65.7075,14.2925,0,41.1924,0.428774,2.71123,3.56877,-0.169924
16.128,80,65.9335,14.0665,0,-9.41442,0.421996,2.718,3.562,-0.141678
16.16,80,62.0605,17.9395,0,161.374,0.538185,2.60182,3.67818,-0.105873
16.192,80,68.7766,11.2234,0,-279.838,0.336701,2.8033,3.4767,-0.0834834
16.224,80,65.8087,14.1913,0,123.662,0.425738,2.71426,3.56574,-0.0553281
16.256,80,66.1072,13.8928,0,-12.4377,0.416783,2.72322,3.55678,-0.0278712
16.288,80,72.3551,7.64487,0,-260.329,0.229346,2.91065,3.36935,-0.0127971
16.32,80,69.0609,10.9391,0,137.26,0.328173,2.81183,3.46817,0.00867727
16.352,80,68.4277,11.5723,0,26.3837,0.34717,2.79283,3.48717,0.0313067
16.384,80,70.415,9.58501,0,-82.8046,0.28755,2.85245,3.42755,0.0499663
16.416,80,69.8935,10.1065,0,21.727,0.303194,2.83681,3.44319,0.0695696
16.448,80,68.9903,11.0097,0,37.635,0.330291,2.80971,3.47029,0.0908539
16.48,80,65.5824,14.4176,0,141.996,0.432528,2.70747,3.57253,0.118673
16.512,80,67.7152,12.2848,0,-88.8658,0.368545,2.77146,3.50854,0.142251
16.544,80,63.8362,16.1638,0,161.626,0.484915,2.65508,3.62492,0.17324
16.576,80,70.482,9.51798,0,-276.911,0.285539,2.85446,3.42554,0.19128
16.608,80,68.3883,11.6117,0,87.2367,0.34835,2.79165,3.48835,0.213285
16.64,80,70.3117,9.68833,0,-80.1389,0.29065,2.84935,3.43065,0.231506
16.672,80,70.9048,9.09525,0,-24.7117,0.272857,2.86714,3.41286,0.248519
16.704,80,72.4882,7.51184,0,-65.9752,0.225355,2.91464,3.36536,0.262433
16.736,80,63.6309,16.3691,0,369.053,0.491074,2.64893,3.63107,0.29323
16.768,80,66.2594,13.7406,0,-109.521,0.412219,2.72778,3.55222,0.318893
16.8,80,69.3863,10.6137,0,-130.287,0.318412,2.82159,3.45841,0.338502
16.832,80,68.5023,11.4977,0,36.8319,0.344931,2.79507,3.48493,0.359717
16.864,80,62.7564,17.2436,0,239.412,0.517307,2.62269,3.65731,0.391755
16.896,80,68.6773,11.3227,0,-246.702,0.339682,2.80032,3.47968,0.412458
16.928,80,65.2466,14.7534,0,142.945,0.442603,2.6974,3.5826,0.439567
16.96,80,67.7394,12.2606,0,-103.869,0.367817,2.77218,3.50782,0.461871
16.992,80,60.5141,19.4859,0,301.054,0.584576,2.55542,3.72458,0.497698
17.024,80,70.8826,9.11739,0,-432.02,0.273522,2.86648,3.41352,0.5139
17.056,80,61.6305,18.3695,0,385.503,0.551084,2.58892,3.69108,0.5474
17.088,80,68.8073,11.1927,0,-299.031,0.335782,2.80422,3.47578,0.567335
17.12,80,66.3311,13.6689,0,103.172,0.410066,2.72993,3.55007,0.591824
17.152,80,64.8461,15.1539,0,61.8753,0.454616,2.68538,3.59462,0.618992
17.184,80,67.9167,12.0833,0,-127.941,0.362499,2.7775,3.5025,0.640341
17.216,80,67.8145,12.1855,0,4.25941,0.365565,2.77443,3.50557,0.6618
17.248,80,74.1567,5.84334,0,-264.257,0.1753,2.9647,3.3153,0.671414
17.28,80,69.0208,10.9792,0,213.994,0.329376,2.81062,3.46938,0.690502
17.312,80,68.7807,11.2193,0,10.0035,0.336578,2.80342,3.47658,0.709964
17.344,80,68.4982,11.5018,0,11.7726,0.345055,2.79495,3.48505,0.729875
17.376,80,65.4926,14.5074,0,125.231,0.435221,2.70478,3.57522,0.755248
17.408,80,66.0508,13.9492,0,-23.2589,0.418475,2.72153,3.55847,0.779502
17.44,80,72.2716,7.72836,0,-259.2,0.231851,2.90815,3.37185,0.792252
17.472,80,69.6055,10.3945,0,111.091,0.311836,2.82816,3.45184,0.809838
17.504,80,64.2766,15.7234,0,222.034,0.471701,2.6683,3.6117,0.837103
17.536,80,69.8297,10.1703,0,-231.377,0.30511,2.83489,3.44511,0.854134
17.568,80,71.4383,8.56171,0,-67.0254,0.256851,2.88315,3.39685,0.868173
17.6,80,71.1749,8.82505,0,10.9724,0.264752,2.87525,3.40475,0.88264
17.632,80,77.5111,2.48889,0,-264.007,0.0746667,3.06533,3.21467,0.885555
17.664,80,83.8536,-3.85364,0,-264.272,-0.115609,3.25561,3.02439,0.87697
17.696,80,86.6845,-6.68449,0,-117.952,-0.200535,3.34053,2.93947,0.863296
17.728,80,87.1386,-7.13858,0,-18.9202,-0.214157,3.35416,2.92584,0.848853
17.76,80,88.1855,-8.18547,0,-43.6206,-0.245564,3.38556,2.89444,0.832575
17.792,80,94.7292,-14.7292,0,-272.655,-0.441876,3.58188,2.69812,0.804586
17.824,80,91.924,-11.924,0,116.883,-0.35772,3.49772,2.78228,0.781734
17.856,80,104.219,-24.2186,0,-512.274,-0.726557,3.86656,2.41344,0.73693
17.888,80,104.039,-24.0394,0,7.46522,-0.721182,3.86118,2.41882,0.692608
17.92,80,106.263,-26.2625,0,-92.6304,-0.787876,3.92788,2.35212,0.644474
17.952,80,106.886,-26.886,0,-25.9775,-0.80658,3.94658,2.33342,0.5954
17.984,80,116.708,-36.7083,0,-409.263,-1.10125,4.24125,2.03875,0.529023
18.016,80,116.416,-36.4165,0,12.1581,-1.09249,4.23249,2.04751,0.4634
18.048,80,118.001,-38.0012,0,-66.0306,-1.14004,4.28004,1.99996,0.395201
18.08,80,123.842,-43.8417,0,-243.353,-1.31525,4.45525,1.82475,0.316905
18.112,80,124.301,-44.3008,0,-19.1308,-1.32903,4.46903,1.81097,0.238075
18.144,80,121.014,-41.0141,0,136.948,-1.23042,4.37042,1.90958,0.16532
18.176,80,125.342,-45.342,0,-180.329,-1.36026,4.50026,1.77974,0.0852017
18.208,80,125.659,-45.6593,0,-13.2227,-1.36978,4.50978,1.77022,0.00480713
18.24,80,123.811,-43.8109,0,77.017,-1.31433,4.45433,1.82567,-0.0720626
18.272,80,124.293,-44.2926,0,-20.0713,-1.32878,4.46878,1.81122,-0.149507
18.304,80,118.213,-38.2126,0,253.336,-1.14638,4.28638,1.99362,-0.21605
18.336,80,130.312,-50.3117,0,-504.131,-1.50935,4.64935,1.63065,-0.303477
18.368,80,125.632,-45.6323,0,194.974,-1.36897,4.50897,1.77103,-0.382448
18.4,80,121.184,-41.1841,0,185.343,-1.23552,4.37552,1.90448,-0.453407
18.432,80,121.267,-41.267,0,-3.45355,-1.23801,4.37801,1.90199,-0.524264
18.464,80,124.345,-44.345,0,-128.249,-1.33035,4.47035,1.80965,-0.60021
18.496,80,110.654,-30.6541,0,570.453,-0.919623,4.05962,2.22038,-0.652206
18.528,80,112.103,-32.1025,0,-60.3521,-0.963076,4.10308,2.17692,-0.706524
18.56,80,116.836,-36.8363,0,-197.238,-1.10509,4.24509,2.03491,-0.768817
18.592,80,107.72,-27.7203,0,379.831,-0.83161,3.97161,2.30839,-0.815205
18.624,80,107.901,-27.901,0,-7.52753,-0.837029,3.97703,2.30297,-0.861744
18.656,80,103.784,-23.7837,0,171.551,-0.713512,3.85351,2.42649,-0.901062
18.688,80,103.278,-23.2776,0,21.0879,-0.698329,3.83833,2.44167,-0.939378
18.72,80,89.5489,-9.5489,0,572.031,-0.286467,3.42647,2.85353,-0.954095
18.752,80,86.2293,-6.22935,0,138.315,-0.18688,3.32688,2.95312,-0.963097
18.784,80,84.9558,-4.95577,0,53.0659,-0.148673,3.28867,2.99133,-0.969899
18.816,80,80.958,-0.957959,0,166.575,-0.0287388,3.16874,3.11126,-0.969878
18.848,80,76.2175,3.78247,0,197.518,0.113474,3.02653,3.25347,-0.96181
18.88,80,67.1604,12.8396,0,377.378,0.385187,2.75481,3.52519,-0.938418
18.912,80,68.0752,11.9248,0,-38.116,0.357743,2.78226,3.49774,-0.916653
18.944,80,65.179,14.821,0,120.677,0.444631,2.69537,3.58463,-0.890069
18.976,80,68.7818,11.2182,0,-150.119,0.336545,2.80345,3.47655,-0.86965
19.008,80,65.5299,14.4701,0,135.496,0.434102,2.7059,3.5741,-0.843826
19.04,80,65.2113,14.7887,0,13.277,0.443662,2.69634,3.58366,-0.817553
19.072,80,68.6153,11.3847,0,-141.836,0.34154,2.79846,3.48154,-0.797079
19.104,80,67.0669,12.9331,0,64.5199,0.387994,2.75201,3.52799,-0.77408
19.136,80,69.4268,10.5732,0,-98.3312,0.317196,2.8228,3.4572,-0.755105
19.168,80,67.5534,12.4466,0,78.06,0.373399,2.7666,3.5134,-0.733065
19.2,80,70.0323,9.96766,0,-103.29,0.29903,2.84097,3.43903,-0.715231
19.232,80,64.5498,15.4502,0,228.437,0.463505,2.6765,3.6035,-0.688333
19.264,80,64.1541,15.8459,0,16.49,0.475377,2.66462,3.61538,-0.660868
19.296,80,65.5983,14.4017,0,-60.1746,0.432052,2.70795,3.57205,-0.635888
19.328,80,63.4238,16.5762,0,90.6012,0.497285,2.64272,3.63728,-0.607392
19.36,80,64.8516,15.1484,0,-59.4894,0.454452,2.68555,3.59445,-0.581349
19.392,80,66.9435,13.0565,0,-87.1611,0.391696,2.7483,3.5317,-0.558844
19.424,80,66.7456,13.2544,0,8.2452,0.397633,2.74237,3.53763,-0.536088
19.456,80,67.9353,12.0647,0,-49.5728,0.36194,2.77806,3.50194,-0.515363
19.488,80,64.2815,15.7185,0,152.244,0.471556,2.66844,3.61156,-0.488706
19.52,80,65.5885,14.4115,0,-54.461,0.432344,2.70766,3.57234,-0.46428
19.552,80,63.0583,16.9417,0,105.427,0.508251,2.63175,3.64825,-0.435792
19.584,80,59.158,20.842,0,162.511,0.625259,2.51474,3.76526,-0.401024
19.616,80,71.4754,8.52465,0,-513.221,0.255739,2.88426,3.39574,-0.386464
19.648,80,66.276,13.724,0,216.638,0.411719,2.72828,3.55172,-0.363483
19.68,80,65.8318,14.1682,0,18.5116,0.425047,2.71495,3.56505,-0.339854
19.712,80,72.585,7.41504,0,-281.383,0.222451,2.91755,3.36245,-0.327265
19.744,80,64.3805,15.6195,0,341.851,0.468584,2.67142,3.60858,-0.301419
19.776,80,66.4677,13.5323,0,-86.9652,0.405969,2.73403,3.54597,-0.279034
19.808,80,57.7281,22.2719,0,364.15,0.668157,2.47184,3.80816,-0.242603
19.84,80,66.6078,13.3922,0,-369.989,0.401765,2.73824,3.54176,-0.220612
19.872,80,61.7202,18.2798,0,203.652,0.548394,2.59161,3.68839,-0.19082
19.904,80,71.9228,8.07721,0,-425.108,0.242316,2.89768,3.38232,-0.177528
19.936,80,71.5351,8.46494,0,16.1554,0.253948,2.88605,3.39395,-0.163655
19.968,80,68.1469,11.8531,0,141.175,0.355594,2.78441,3.49559,-0.144398
20,80,70.1158,9.88418,0,-82.0399,0.296525,2.84347,3.43653,-0.128352
20.032,80,70.6851,9.31492,0,-23.7194,0.279447,2.86055,3.41945,-0.113267
20.064,80,67.8837,12.1163,0,116.723,0.363488,2.77651,3.50349,-0.0937619
20.096,80,68.2701,11.7299,0,-16.1003,0.351896,2.7881,3.4919,-0.0749345
20.128,80,64.4802,15.5198,0,157.913,0.465593,2.67441,3.60559,-0.0501417
20.16,80,70.6175,9.38248,0,-255.72,0.281474,2.85853,3.42147,-0.0351693
20.192,80,67.1334,12.8666,0,145.171,0.385997,2.754,3.526,-0.0147227
20.224,80,70.8529,9.1471,0,-154.978,0.274413,2.86559,3.41441,-0.00022619
20.256,80,69.6267,10.3733,0,51.0922,0.311199,2.8288,3.4512,0.0161617
20.288,80,64.7387,15.2613,0,203.667,0.45784,2.68216,3.59784,0.0402077
20.32,80,73.7691,6.23087,0,-376.269,0.186926,2.95307,3.32693,0.0499568
20.352,80,68.9415,11.0585,0,201.151,0.331755,2.80825,3.47175,0.0672658
20.384,80,67.7121,12.2879,0,51.2261,0.368637,2.77136,3.50864,0.0864505
20.416,80,65.8354,14.1646,0,78.1957,0.424938,2.71506,3.56494,0.108517
20.448,80,68.0577,11.9423,0,-92.5962,0.358269,2.78173,3.49827,0.127036
20.48,80,63.9403,16.0597,0,171.558,0.481791,2.65821,3.62179,0.151931
20.512,80,72.9043,7.09567,0,-373.501,0.21287,2.92713,3.35287,0.162763
20.544,80,69.1659,10.8341,0,155.768,0.325023,2.81498,3.46502,0.179385
20.576,80,68.5083,11.4917,0,27.399,0.34475,2.79525,3.48475,0.196978
20.608,80,59.5366,20.4634,0,373.821,0.613901,2.5261,3.7539,0.228448
20.64,80,63.829,16.171,0,-178.847,0.485131,2.65487,3.62513,0.253165
20.672,80,69.1595,10.8405,0,-222.104,0.325216,2.81478,3.46522,0.269554
20.704,80,64.4599,15.5401,0,195.816,0.466203,2.6738,3.6062,0.293156
20.736,80,72.2379,7.76206,0,-324.086,0.232862,2.90714,3.37286,0.304682
20.768,80,65.6202,14.3798,0,275.739,0.431394,2.70861,3.57139,0.32637
20.8,80,65.0926,14.9074,0,21.9826,0.447221,2.69278,3.58722,0.348802
20.832,80,59.7471,20.2529,0,222.732,0.607588,2.53241,3.74759,0.379377
20.864,80,65.9043,14.0957,0,-256.552,0.42287,2.71713,3.56287,0.400414
20.896,80,63.8818,16.1182,0,84.2726,0.483547,2.65645,3.62355,0.424484
20.928,80,69.1407,10.8593,0,-219.121,0.32578,2.81422,3.46578,0.44044
20.96,80,70.6572,9.34276,0,-63.1906,0.280283,2.85972,3.42028,0.454031
20.992,80,70.1439,9.85613,0,21.3903,0.295684,2.84432,3.43568,0.468363
21.024,80,60.3896,19.6104,0,406.429,0.588313,2.55169,3.72831,0.497499
21.056,80,63.7168,16.2832,0,-138.632,0.488497,2.6515,3.6285,0.521489
21.088,80,73.3581,6.64187,0,-401.724,0.199256,2.94074,3.33926,0.530777
21.12,80,71.5645,8.43551,0,74.7352,0.253065,2.88693,3.39307,0.542754
21.152,80,68.5862,11.4138,0,124.096,0.342415,2.79759,3.48241,0.5592
21.184,80,67.905,12.095,0,28.3831,0.362851,2.77715,3.50285,0.576626
21.216,80,64.2567,15.7433,0,152.01,0.472298,2.6677,3.6123,0.599502
21.248,80,69.054,10.946,0,-199.885,0.328381,2.81162,3.46838,0.615084
21.28,80,65.1693,14.8307,0,161.863,0.444922,2.69508,3.58492,0.636461
21.312,80,65.9688,14.0312,0,-33.3132,0.420937,2.71906,3.56094,0.656573
21.344,80,72.9164,7.0836,0,-289.485,0.212508,2.92749,3.35251,0.666209
21.376,80,64.1182,15.8818,0,366.59,0.476453,2.66355,3.61645,0.688986
21.408,80,63.2349,16.7651,0,36.8056,0.502953,2.63705,3.64295,0.713016
21.44,80,69.1871,10.8129,0,-248.008,0.324387,2.81561,3.46439,0.728091
21.472,80,68.4735,11.5265,0,29.731,0.345794,2.79421,3.48579,0.744184
21.504,80,69.3312,10.6688,0,-35.734,0.320065,2.81993,3.46007,0.758953
21.536,80,66.2762,13.7238,0,127.29,0.411714,2.72829,3.55171,0.778217
21.568,80,71.331,8.66899,0,-210.617,0.26007,2.87993,3.40007,0.789924
21.6,80,77.1222,2.87781,0,-241.299,0.0863344,3.05367,3.22633,0.793018
21.632,80,80.326,-0.325955,0,-133.49,-0.00977866,3.14978,3.13022,0.791362
21.664,80,85.0717,-5.0717,0,-197.739,-0.152151,3.29215,2.98785,0.782702
21.696,80,87.2585,-7.25846,0,-91.1151,-0.217754,3.35775,2.92225,0.770842
21.728,80,94.6688,-14.6688,0,-308.765,-0.440064,3.58006,2.69994,0.748103
21.76,80,103.145,-23.1448,0,-353.167,-0.694344,3.83434,2.44566,0.712966
21.792,80,109.521,-29.5214,0,-265.691,-0.885642,4.02564,2.25436,0.668569
21.824,80,101.314,-21.3135,0,341.995,-0.639406,3.77941,2.50059,0.636338
21.856,80,113.168,-33.1679,0,-493.931,-0.995036,4.13504,2.14496,0.586844
21.888,80,112.469,-32.469,0,29.1195,-0.97407,4.11407,2.16593,0.538517
21.92,80,118.404,-38.4043,0,-247.305,-1.15213,4.29213,1.98787,0.481666
21.952,80,115.551,-35.5512,0,118.878,-1.06654,4.20654,2.07346,0.42914
21.984,80,117.382,-37.3819,0,-76.2793,-1.12146,4.26146,2.01854,0.374102
22.016,80,117.559,-37.5592,0,-7.38459,-1.12678,4.26678,2.01322,0.318966
22.048,80,124.172,-44.1719,0,-275.531,-1.32516,4.46516,1.81484,0.254393
22.08,80,130.214,-50.214,0,-251.755,-1.50642,4.64642,1.63358,0.18125
22.112,80,122.523,-42.5226,0,320.474,-1.27568,4.41568,1.86432,0.11945
22.144,80,132.382,-52.3824,0,-410.822,-1.57147,4.71147,1.56853,0.0435805
22.176,80,131.25,-51.2503,0,47.1712,-1.53751,4.67751,1.60249,-0.0304366
22.208,80,140.921,-60.9209,0,-402.942,-1.82763,4.96763,1.31237,-0.118175
22.24,80,125.576,-45.5762,0,639.36,-1.36729,4.50729,1.77271,-0.183582
22.272,80,129.186,-49.1856,0,-150.389,-1.47557,4.61557,1.66443,-0.253987
22.304,80,120.213,-40.2131,0,373.85,-1.20639,4.34639,1.93361,-0.311318
22.336,80,122.822,-42.8215,0,-108.682,-1.28465,4.42465,1.85535,-0.37222
22.368,80,128.674,-48.6744,0,-243.871,-1.46023,4.60023,1.67977,-0.441322
22.4,80,115.098,-35.0975,0,565.702,-1.05293,4.19293,2.08707,-0.490831
22.432,80,125.899,-45.899,0,-450.06,-1.37697,4.51697,1.76303,-0.555607
22.464,80,120.588,-40.5878,0,221.301,-1.21763,4.35763,1.92237,-0.612633
22.496,80,115.053,-35.0534,0,230.6,-1.0516,4.1916,2.0884,-0.661624
22.528,80,113.499,-33.4992,0,64.758,-1.00498,4.14498,2.13502,-0.708269
22.56,80,109.806,-29.8056,0,153.9,-0.894168,4.03417,2.24583,-0.749541
22.592,80,112.036,-32.0357,0,-92.9214,-0.961071,4.10107,2.17893,-0.793856
22.624,80,107.62,-27.6202,0,183.98,-0.828605,3.96861,2.31139,-0.8318
22.656,80,99.4308,-19.4308,0,341.226,-0.582923,3.72292,2.55708,-0.85807
22.688,80,98.4405,-18.4405,0,41.26,-0.553216,3.69322,2.58678,-0.882869
22.72,80,83.6178,-3.61783,0,617.612,-0.108535,3.24853,3.03147,-0.886721
22.752,80,80.0457,-0.045672,0,148.84,-0.00137016,3.14137,3.13863,-0.885538
22.784,80,69.8996,10.1004,0,422.754,0.303013,2.83699,3.44301,-0.870108
22.816,80,73.1805,6.81952,0,-136.704,0.204586,2.93541,3.34459,-0.859323
22.848,80,73.2548,6.74521,0,-3.09636,0.202356,2.93764,3.34236,-0.848673
22.88,80,68.2594,11.7406,0,208.141,0.352218,2.78778,3.49222,-0.831065
22.912,80,61.8702,18.1298,0,266.216,0.543893,2.59611,3.68389,-0.804584
22.944,80,70.9207,9.07932,0,-377.102,0.27238,2.86762,3.41238,-0.790798
22.976,80,68.6456,11.3544,0,94.7931,0.340631,2.79937,3.48063,-0.773883
23.008,80,70.0427,9.95726,0,-58.2123,0.298718,2.84128,3.43872,-0.758958
23.04,80,64.5709,15.4291,0,227.994,0.462874,2.67713,3.60287,-0.736475
23.072,80,66.3146,13.6854,0,-72.6541,0.410563,2.72944,3.55056,-0.716472
23.104,80,72.1537,7.84627,0,-243.298,0.235388,2.90461,3.37539,-0.704612
23.136,80,67.0713,12.9287,0,211.769,0.387862,2.75214,3.52786,-0.685756
23.168,80,68.1243,11.8757,0,-43.8773,0.35627,2.78373,3.49627,-0.668406
23.2,80,69.76,10.24,0,-68.1548,0.307199,2.8328,3.4472,-0.65336
23.232,80,71.4898,8.51024,0,-72.072,0.255307,2.88469,3.39531,-0.640738
23.264,80,73.8363,6.16368,0,-97.7733,0.18491,2.95509,3.32491,-0.631378
23.296,80,70.6319,9.36809,0,133.517,0.281043,2.85896,3.42104,-0.617642
23.328,80,70.5715,9.42846,0,2.51559,0.282854,2.85715,3.42285,-0.603862
23.36,80,67.5568,12.4432,0,125.614,0.373296,2.7667,3.5133,-0.585989
23.392,80,73.018,6.98199,0,-227.55,0.20946,2.93054,3.34946,-0.575636
23.424,80,73.2551,6.74491,0,-9.87816,0.202347,2.93765,3.34235,-0.565635
23.456,80,63.1014,16.8986,0,423.07,0.506958,2.63304,3.64696,-0.54181
23.488,80,60.9636,19.0364,0,89.0738,0.571091,2.56891,3.71109,-0.515136
23.52,80,64.4743,15.5257,0,-146.278,0.465771,2.67423,3.60577,-0.493312
23.552,80,71.0631,8.93694,0,-274.531,0.268108,2.87189,3.40811,-0.480499
23.584,80,65.6409,14.3591,0,225.922,0.430772,2.70923,3.57077,-0.460364
23.616,80,64.8402,15.1598,0,33.3636,0.454793,2.68521,3.59479,-0.439199
23.648,80,65.6431,14.3569,0,-33.4554,0.430706,2.70929,3.57071,-0.419177
23.68,80,66.034,13.966,0,-16.2841,0.418981,2.72102,3.55898,-0.399738
23.712,80,66.5227,13.4773,0,-20.3658,0.404318,2.73568,3.54432,-0.38101
23.744,80,64.7388,15.2612,0,74.3318,0.457837,2.68216,3.59784,-0.359929
23.776,80,64.2533,15.7467,0,20.2274,0.4724,2.6676,3.6124,-0.338251
23.808,80,72.0201,7.97988,0,-323.616,0.239396,2.9006,3.3794,-0.327071
23.84,80,68.4245,11.5755,0,149.817,0.347265,2.79274,3.48726,-0.311094
23.872,80,69.3606,10.6394,0,-39.0055,0.319181,2.82082,3.45918,-0.296416
23.904,80,68.0492,11.9508,0,54.6427,0.358524,2.78148,3.49852,-0.28002
23.936,80,63.4907,16.5093,0,189.937,0.495278,2.64472,3.63528,-0.257575
23.968,80,67.6046,12.3954,0,-171.412,0.371862,2.76814,3.51186,-0.240682
24,80,66.667,13.333,0,39.0657,0.399989,2.74001,3.53999,-0.222583
24.032,80,66.2006,13.7994,0,19.4367,0.413983,2.72602,3.55398,-0.203912
24.064,80,68.2746,11.7254,0,-86.4172,0.351763,2.78824,3.49176,-0.188049
24.096,80,65.3058,14.6942,0,123.7,0.440827,2.69917,3.58083,-0.168285
24.128,80,63.2634,16.7366,0,85.0975,0.502097,2.6379,3.6421,-0.145865
24.16,80,66.8189,13.1811,0,-148.145,0.395433,2.74457,3.53543,-0.128213
24.192,80,67.6009,12.3991,0,-32.5849,0.371972,2.76803,3.51197,-0.111643
24.224,80,73.4496,6.55039,0,-243.694,0.196512,2.94349,3.33651,-0.102842
24.256,80,67.2081,12.7919,0,260.065,0.383758,2.75624,3.52376,-0.0858304
24.288,80,69.4014,10.5986,0,-91.3873,0.317959,2.82204,3.45796,-0.0717533
24.32,80,75.4233,4.57667,0,-250.916,0.1373,3.0027,3.2773,-0.065637
24.352,80,66.5045,13.4955,0,371.619,0.404866,2.73513,3.54487,-0.0478168
24.384,80,62.1999,17.8001,0,179.357,0.534003,2.606,3.674,-0.0243943
24.416,80,69.1575,10.8425,0,-289.899,0.325276,2.81472,3.46528,-0.010152
24.448,80,68.4957,11.5043,0,27.5751,0.34513,2.79487,3.48513,0.00491936
24.48,80,65.7946,14.2054,0,112.546,0.426163,2.71384,3.56616,0.0234821
24.512,80,67.6694,12.3306,0,-78.1165,0.369919,2.77008,3.50992,0.0395489
24.544,80,66.9055,13.0945,0,31.8267,0.392835,2.74717,3.53283,0.0565697
24.576,80,67.5203,12.4797,0,-25.6141,0.374392,2.76561,3.51439,0.0727457
24.608,80,67.3046,12.6954,0,8.98404,0.380861,2.75914,3.52086,0.0891601
24.64,80,63.7992,16.2008,0,146.062,0.486025,2.65397,3.62603,0.110084
24.672,80,72.5859,7.41415,0,-366.112,0.222424,2.91758,3.36242,0.119558
24.704,80,61.9116,18.0884,0,444.76,0.542652,2.59735,3.68265,0.142834
24.736,80,66.684,13.316,0,-198.848,0.399481,2.74052,3.53948,0.159875
24.768,80,65.5042,14.4958,0,49.1585,0.434875,2.70512,3.57488,0.178397
24.8,80,69.7806,10.2194,0,-178.183,0.306583,2.83342,3.44658,0.191353
24.832,80,71.2621,8.73788,0,-61.7319,0.262136,2.87786,3.40214,0.202367
24.864,80,74.4496,5.55043,0,-132.81,0.166513,2.97349,3.30651,0.20925
24.896,80,69.307,10.693,0,214.273,0.320789,2.81921,3.46079,0.222725
24.928,80,64.2374,15.7626,0,211.233,0.472877,2.66712,3.61288,0.242673
24.96,80,61.59,18.41,0,110.311,0.552301,2.5877,3.6923,0.265965
24.992,80,71.7659,8.23406,0,-423.998,0.247022,2.89298,3.38702,0.276167
25.024,80,69.0971,10.9029,0,111.2,0.327086,2.81291,3.46709,0.289757
25.056,80,66.1617,13.8383,0,122.309,0.415148,2.72485,3.55515,0.30706
25.088,80,66.2264,13.7736,0,-2.69412,0.413209,2.72679,3.55321,0.324237
25.12,80,68.3954,11.6046,0,-90.3754,0.348138,2.79186,3.48814,0.338606
25.152,80,63.6591,16.3409,0,197.344,0.490226,2.64977,3.63023,0.358966
25.184,80,66.5803,13.4197,0,-121.717,0.40259,2.73741,3.54259,0.375561
25.216,80,70.5735,9.42653,0,-166.381,0.282796,2.8572,3.4228,0.387047
25.248,80,67.5163,12.4837,0,127.383,0.374512,2.76549,3.51451,0.402379
25.28,80,63.4091,16.5909,0,171.133,0.497728,2.64227,3.63773,0.422871
25.312,80,67.8727,12.1273,0,-185.983,0.36382,2.77618,3.50382,0.437668
25.344,80,68.556,11.444,0,-28.4713,0.34332,2.79668,3.48332,0.451565
25.376,80,65.5518,14.4482,0,125.174,0.433445,2.70655,3.57345,0.469215
25.408,80,71.8181,8.18189,0,-261.095,0.245457,2.89454,3.38546,0.478929
25.44,80,63.6874,16.3126,0,338.778,0.489377,2.65062,3.62938,0.498845
25.472,80,65.7211,14.2789,0,-84.7339,0.428368,2.71163,3.56837,0.516157
25.504,80,69.3586,10.6414,0,-151.563,0.319243,2.82076,3.45924,0.528861
25.536,80,66.6115,13.3885,0,114.463,0.401656,2.73834,3.54166,0.544976
25.568,80,62.8153,17.1847,0,158.172,0.51554,2.62446,3.65554,0.565802
25.6,80,66.6523,13.3477,0,-159.875,0.40043,2.73957,3.54043,0.581779
25.632,80,68.2037,11.7963,0,-64.6416,0.353888,2.78611,3.49389,0.595779
25.664,80,64.7565,15.2435,0,143.634,0.457305,2.6827,3.5973,0.614043
25.696,80,67.1183,12.8817,0,-98.4078,0.386451,2.75355,3.52645,0.629321
25.728,80,61.8766,18.1234,0,218.403,0.543701,2.5963,3.6837,0.65108
25.76,80,66.7371,13.2629,0,-202.521,0.397886,2.74211,3.53789,0.666746
25.792,80,64.8518,15.1482,0,78.5545,0.454445,2.68556,3.59444,0.684713
25.824,80,64.3597,15.6403,0,20.5056,0.469209,2.67079,3.60921,0.703246
25.856,80,71.7871,8.21288,0,-309.476,0.246386,2.89361,3.38639,0.71254
25.888,80,83.4736,-3.47359,0,-486.936,-0.104208,3.24421,3.03579,0.707365
25.92,80,80.0405,-0.040504,0,143.045,-0.00121512,3.14122,3.13878,0.706442
25.952,80,85.6,-5.59995,0,-231.644,-0.167999,3.308,2.972,0.698666
25.984,80,89.9117,-9.91167,0,-179.655,-0.29735,3.43735,2.84265,0.685599
26.016,80,92.0378,-12.0378,0,-88.5904,-0.361135,3.50114,2.77886,0.669949
26.048,80,105.39,-25.3903,0,-556.352,-0.761709,3.90171,2.37829,0.637934
26.08,80,105.164,-25.1642,0,9.41901,-0.754927,3.89493,2.38507,0.606275
26.112,80,110.55,-30.55,0,-224.406,-0.9165,4.0565,2.2235,0.568093
26.144,80,113.397,-33.3973,0,-118.639,-1.00192,4.14192,2.13808,0.52652
26.176,80,118.732,-38.7324,0,-222.297,-1.16197,4.30197,1.97803,0.478526
26.208,80,119.984,-39.984,0,-52.1468,-1.19952,4.33952,1.94048,0.429121
26.24,80,120.775,-40.7747,0,-32.9459,-1.22324,4.36324,1.91676,0.378873
26.272,80,120.738,-40.7379,0,1.53027,-1.22214,4.36214,1.91786,0.328791
26.304,80,136.797,-56.7974,0,-669.145,-1.70392,4.84392,1.43608,0.259295
26.336,80,135.612,-55.6117,0,49.4065,-1.66835,4.80835,1.47165,0.191408
26.368,80,143.552,-63.5522,0,-330.855,-1.90657,5.04657,1.23343,0.114049
26.4,80,144.396,-64.3958,0,-35.1508,-1.93187,5.07187,1.20813,0.0358553
26.432,80,147.072,-67.0715,0,-111.489,-2.01215,5.15215,1.12785,-0.0453885
26.464,80,138.869,-58.8695,0,341.753,-1.76608,4.90608,1.37392,-0.116518
26.496,80,140.257,-60.2566,0,-57.7964,-1.8077,4.9477,1.3323,-0.189151
26.528,80,141.839,-61.8387,0,-65.9225,-1.85516,4.99516,1.28484,-0.263517
26.56,80,144.726,-64.7256,0,-120.285,-1.94177,5.08177,1.19823,-0.341182
26.592,80,146.756,-66.7558,0,-84.5941,-2.00267,5.14267,1.13733,-0.421104
26.624,80,149.747,-69.7472,0,-124.642,-2.09242,5.23242,1.04758,-0.504428
26.656,80,138.197,-58.1971,0,481.256,-1.74591,4.88591,1.39409,-0.573687
26.688,80,145.357,-65.3573,0,-298.341,-1.96072,5.10072,1.17928,-0.651365
26.72,80,143.133,-63.133,0,92.6775,-1.89399,5.03399,1.24601,-0.726194
26.752,80,140.979,-60.9792,0,89.7407,-1.82938,4.96938,1.31062,-0.798267
26.784,80,132.585,-52.5853,0,349.745,-1.57756,4.71756,1.56244,-0.860139
26.816,80,128.775,-48.7749,0,158.769,-1.46325,4.60325,1.67675,-0.917316
26.848,80,135.142,-55.1418,0,-265.288,-1.65425,4.79425,1.48575,-0.981946
26.88,80,132.387,-52.3871,0,114.781,-1.57161,4.71161,1.56839,-1.04314
26.912,80,121.031,-41.0311,0,473.164,-1.23093,4.37093,1.90907,-1.09069
26.944,80,122.109,-42.1092,0,-44.9169,-1.26327,4.40327,1.87673,-1.13941
26.976,80,119.624,-39.6235,0,103.568,-1.18871,4.32871,1.95129,-1.18506
27.008,80,116.71,-36.7099,0,121.401,-1.1013,4.2413,2.0387,-1.22715
27.04,80,111.308,-31.3082,0,225.068,-0.939247,4.07925,2.20075,-1.26275
27.072,80,99.3614,-19.3614,0,497.786,-0.580841,3.72084,2.55916,-1.28414
27.104,80,104.148,-24.1485,0,-199.462,-0.724454,3.86445,2.41555,-1.31114
27.136,80,96.6963,-16.6963,0,310.508,-0.500889,3.64089,2.63911,-1.32928
27.168,80,89.2143,-9.21432,0,311.748,-0.27643,3.41643,2.86357,-1.33857
27.2,80,87.8424,-7.84236,0,57.1653,-0.235271,3.37527,2.90473,-1.34622
27.232,80,73.8581,6.14193,0,582.679,0.184258,2.95574,3.32426,-1.33742
27.264,80,74.4473,5.55268,0,-24.5522,0.16658,2.97342,3.30658,-1.32933
27.296,80,66.3388,13.6612,0,337.856,0.409837,2.73016,3.54984,-1.31176
27.328,80,67.3472,12.6528,0,-42.0188,0.379583,2.76042,3.51958,-1.29541
27.36,80,72.6709,7.32912,0,-221.819,0.219874,2.92013,3.35987,-1.28532
27.392,80,68.6975,11.3025,0,165.558,0.339075,2.80092,3.47908,-1.27061
27.424,80,62.2042,17.7958,0,270.553,0.533874,2.60613,3.67387,-1.24836
27.456,80,61.4109,18.5891,0,33.0531,0.557672,2.58233,3.69767,-1.22524
27.488,80,63.7214,16.2786,0,-96.2687,0.488359,2.65164,3.62836,-1.20487
27.52,80,65.5941,14.4059,0,-78.0321,0.432176,2.70782,3.57218,-1.18672
27.552,80,64.2882,15.7118,0,54.4153,0.471355,2.66865,3.61135,-1.16709
27.584,80,68.3857,11.6143,0,-170.732,0.348428,2.79157,3.48843,-1.15226
27.616,80,65.493,14.507,0,120.529,0.435209,2.70479,3.57521,-1.13412
27.648,80,68.9608,11.0392,0,-144.49,0.331176,2.80882,3.47118,-1.12003
27.68,80,67.8452,12.1548,0,46.4823,0.364643,2.77536,3.50464,-1.10468
27.712,80,66.1815,13.8185,0,69.321,0.414554,2.72545,3.55455,-1.08745
27.744,80,67.9067,12.0933,0,-71.8839,0.362798,2.7772,3.5028,-1.07225
27.776,80,70.7005,9.29954,0,-116.405,0.278986,2.86101,3.41899,-1.0603
27.808,80,66.1227,13.8773,0,190.742,0.41632,2.72368,3.55632,-1.04311
27.84,80,66.8555,13.1445,0,-30.5369,0.394334,2.74567,3.53433,-1.0268
27.872,80,67.3166,12.6834,0,-19.2129,0.380501,2.7595,3.5205,-1.01106
27.904,80,60.18,19.82,0,297.359,0.594599,2.5454,3.7346,-0.987169
27.936,80,69.2139,10.7861,0,-376.409,0.323584,2.81642,3.46358,-0.973683
27.968,80,63.0907,16.9093,0,255.13,0.507278,2.63272,3.64728,-0.953222
28,80,72.1564,7.8436,0,-377.736,0.235308,2.90469,3.37531,-0.943169
28.032,80,60.9056,19.0944,0,468.784,0.572832,2.56717,3.71283,-0.920295
28.064,80,65.5845,14.4155,0,-194.956,0.432464,2.70754,3.57246,-0.902808
28.096,80,66.9523,13.0477,0,-56.9887,0.391432,2.74857,3.53143,-0.886919
28.128,80,63.1154,16.8846,0,159.87,0.506538,2.63346,3.64654,-0.866701
28.16,80,69.5834,10.4166,0,-269.5,0.312498,2.8275,3.4525,-0.85388
28.192,80,64.9886,15.0114,0,191.449,0.450341,2.68966,3.59034,-0.835871
28.224,80,67.497,12.503,0,-104.515,0.37509,2.76491,3.51509,-0.820748
28.256,80,70.2825,9.71749,0,-116.063,0.291525,2.84848,3.43152,-0.808813
28.288,80,72.3219,7.67805,0,-84.9767,0.230342,2.90966,3.37034,-0.799213
28.32,80,61.2406,18.7594,0,461.725,0.562783,2.57722,3.70278,-0.777113
28.352,80,66.823,13.177,0,-232.604,0.395309,2.74469,3.53531,-0.761363
28.384,80,68.9196,11.0804,0,-87.3564,0.332412,2.80759,3.47241,-0.748013
28.416,80,67.1506,12.8494,0,73.7094,0.385483,2.75452,3.52548,-0.7327
28.448,80,72.7368,7.26315,0,-232.761,0.217895,2.92211,3.35789,-0.723706
28.48,80,69.7403,10.2597,0,124.856,0.307791,2.83221,3.44779,-0.711365
28.512,80,68.4887,11.5113,0,52.1502,0.345339,2.79466,3.48534,-0.697647
28.544,80,67.0164,12.9836,0,61.347,0.389509,2.75049,3.52951,-0.682309
28.576,80,67.8792,12.1208,0,-35.9528,0.363623,2.77638,3.50362,-0.667972
28.608,80,65.5634,14.4366,0,96.4947,0.433099,2.7069,3.5731,-0.651077
28.64,80,71.038,8.96204,0,-228.108,0.268861,2.87114,3.40886,-0.640336
28.672,80,67.6371,12.3629,0,141.701,0.370886,2.76911,3.51089,-0.625823
28.704,80,62.5913,17.4087,0,210.242,0.52226,2.61774,3.66226,-0.605718
28.736,80,63.3913,16.6087,0,-33.3334,0.49826,2.64174,3.63826,-0.586548
28.768,80,68.4435,11.5565,0,-210.507,0.346695,2.7933,3.4867,-0.573041
28.8,80,67.6208,12.3792,0,34.2789,0.371376,2.76862,3.51138,-0.55865
28.832,80,70.97,9.03002,0,-139.549,0.270901,2.8691,3.4109,-0.548007
28.864,80,67.0929,12.9071,0,161.547,0.387214,2.75279,3.52721,-0.53309
28.896,80,68.6138,11.3862,0,-63.3716,0.341587,2.79841,3.48159,-0.519891
28.928,80,67.5293,12.4707,0,45.1851,0.37412,2.76588,3.51412,-0.505521
28.96,80,60.4306,19.5694,0,295.779,0.587081,2.55292,3.72708,-0.483338
28.992,80,66.4738,13.5262,0,-251.8,0.405785,2.73421,3.54579,-0.467875
29.024,80,67.7429,12.2571,0,-52.878,0.367713,2.77229,3.50771,-0.453846
29.056,80,64.6862,15.3138,0,127.362,0.459413,2.68059,3.59941,-0.43648
29.088,80,65.2094,14.7906,0,-21.797,0.443719,2.69628,3.58372,-0.419729
29.12,80,64.3536,15.6464,0,35.6585,0.469393,2.67061,3.60939,-0.402074
29.152,80,57.583,22.417,0,282.106,0.67251,2.46749,3.81251,-0.377025
29.184,80,64.9276,15.0724,0,-306.025,0.452172,2.68783,3.59217,-0.360085
29.216,80,69.7274,10.2726,0,-199.99,0.308179,2.83182,3.44818,-0.348439
29.248,80,68.1599,11.8401,0,65.3123,0.355204,2.7848,3.4952,-0.335104
29.28,80,71.7873,8.2127,0,-151.143,0.246381,2.89362,3.38638,-0.325762
29.312,80,69.3404,10.6596,0,101.956,0.319789,2.82021,3.45979,-0.313769
29.344,80,62.6625,17.3375,0,278.246,0.520126,2.61987,3.66013,-0.29452
29.376,80,69.5851,10.4149,0,-288.445,0.312446,2.82755,3.45245,-0.282854
29.408,80,60.6134,19.3866,0,373.823,0.581599,2.5584,3.7216,-0.261451
29.44,80,65.9192,14.0808,0,-221.077,0.422424,2.71758,3.56242,-0.245862
29.472,80,71.7198,8.28015,0,-241.693,0.248405,2.8916,3.3884,-0.236604
29.504,80,70.1389,9.86108,0,65.8718,0.295832,2.84417,3.43583,-0.225652
29.536,80,66.5771,13.4229,0,148.409,0.402687,2.73731,3.54269,-0.210865
29.568,80,62.7794,17.2206,0,158.238,0.516618,2.62338,3.65662,-0.192
29.6,80,66.8751,13.1249,0,-170.653,0.393748,2.74625,3.53375,-0.177603
29.632,80,66.2757,13.7243,0,24.9749,0.41173,2.72827,3.55173,-0.16259
29.664,80,69.4978,10.5022,0,-134.257,0.315065,2.82494,3.45506,-0.151086
29.696,80,73.103,6.89699,0,-150.216,0.20691,2.93309,3.34691,-0.143491
29.728,80,63.4897,16.5103,0,400.556,0.49531,2.64469,3.63531,-0.125564
29.76,80,66.2605,13.7395,0,-115.452,0.412185,2.72782,3.55218,-0.110656
29.792,80,72.6904,7.3096,0,-267.912,0.219288,2.92071,3.35929,-0.102686
29.824,80,72.4092,7.59076,0,11.7149,0.227723,2.91228,3.36772,-0.0944307
29.856,80,63.6993,16.3007,0,362.915,0.489022,2.65098,3.62902,-0.0768582
29.888,80,67.9924,12.0076,0,-178.881,0.360227,2.77977,3.50023,-0.0639199
29.92,80,69.9232,10.0768,0,-80.4493,0.302304,2.8377,3.4423,-0.0530742
29.952,80,71.1005,8.89945,0,-49.0559,0.266984,2.87302,3.40698,-0.0435095
29.984,80,66.2594,13.7406,0,201.716,0.412219,2.72778,3.55222,-0.0287986
30.016,80,65.8524,14.1476,0,16.9545,0.424427,2.71557,3.56443,-0.0136852
30.048,80,68.3155,11.6845,0,-102.626,0.350536,2.78946,3.49054,-0.00122705
30.08,80,71.5342,8.46576,0,-134.115,0.253973,2.88603,3.39397,0.00778039
30.112,80,68.8977,11.1023,0,109.856,0.333069,2.80693,3.47307,0.0195705
30.144,80,71.6314,8.36855,0,-113.907,0.251057,2.88894,3.39106,0.0284336
30.176,80,67.9852,12.0148,0,151.927,0.360444,2.77956,3.50044,0.0411445
30.208,80,62.341,17.659,0,235.173,0.529769,2.61023,3.66977,0.0598074
30.24,80,74.4435,5.55654,0,-504.268,0.166696,2.9733,3.3067,0.0656241
30.272,80,71.4469,8.55305,0,124.855,0.256592,2.88341,3.39659,0.074596
30.304,80,59.0489,20.9511,0,516.585,0.628533,2.51147,3.76853,0.0966409
30.336,80,66.1251,13.8749,0,-294.842,0.416247,2.72375,3.55625,0.111175
30.368,80,78.4015,1.59845,0,-511.519,0.0479535,3.09205,3.18795,0.112742
30.4,80,75.1007,4.89927,0,137.534,0.146978,2.99302,3.28698,0.117781
30.432,80,78.533,1.46703,0,-143.01,0.0440109,3.09599,3.18401,0.119199
30.464,80,82.7891,-2.78908,0,-177.338,-0.0836725,3.22367,3.05633,0.116144
30.496,80,89.0875,-9.0875,0,-262.434,-0.272625,3.41262,2.86738,0.106487
30.528,80,91.3134,-11.3134,0,-92.7453,-0.339402,3.4794,2.8006,0.0945163
30.56,80,92.0769,-12.0769,0,-31.8146,-0.362308,3.50231,2.77769,0.0817714
30.592,80,102.744,-22.7437,0,-444.448,-0.68231,3.82231,2.45769,0.0578954
30.624,80,105.459,-25.4588,0,-113.13,-0.763764,3.90376,2.37624,0.0312322
30.656,80,104.547,-24.5471,0,37.9857,-0.736414,3.87641,2.40359,0.00557625
30.688,80,110.353,-30.3533,0,-241.922,-0.910598,4.0506,2.2294,-0.0260805
30.72,80,118.411,-38.4107,0,-335.727,-1.15232,4.29232,1.98768,-0.0660645
30.752,80,117.943,-37.9428,0,19.4968,-1.13828,4.27828,2.00172,-0.105478
30.784,80,112.695,-32.6949,0,218.66,-0.980848,4.12085,2.15915,-0.139355
30.816,80,129.248,-49.2484,0,-689.727,-1.47745,4.61745,1.66255,-0.190351
30.848,80,131.375,-51.3751,0,-88.6114,-1.54125,4.68125,1.59875,-0.243447
30.88,80,134.652,-54.6521,0,-136.544,-1.63956,4.77956,1.50044,-0.299829
30.912,80,139.212,-59.212,0,-189.993,-1.77636,4.91636,1.36364,-0.360815
30.944,80,135.941,-55.9406,0,136.305,-1.67822,4.81822,1.46178,-0.418291
30.976,80,150.359,-70.3591,0,-600.77,-2.11077,5.25077,1.02923,-0.490544
31.008,80,142.477,-62.4771,0,328.419,-1.87431,5.01431,1.26569,-0.554514
31.04,80,146.243,-66.2434,0,-156.929,-1.9873,5.1273,1.1527,-0.622234
31.072,80,137.652,-57.6516,0,357.992,-1.72955,4.86955,1.41045,-0.680967
31.104,80,138.196,-58.1956,0,-22.6696,-1.74587,4.88587,1.39413,-0.740138
31.136,80,145.878,-65.8779,0,-320.092,-1.97634,5.11634,1.16366,-0.807084
31.168,80,138.038,-58.0381,0,326.657,-1.74114,4.88114,1.39886,-0.865842
31.2,80,138.709,-58.7094,0,-27.9734,-1.76128,4.90128,1.37872,-0.925169
31.232,80,147.777,-67.7769,0,-377.81,-2.03331,5.17331,1.10669,-0.993665
31.264,80,139.492,-59.492,0,345.203,-1.78476,4.92476,1.35524,-1.05354
31.296,80,134.797,-54.7969,0,195.631,-1.64391,4.78391,1.49609,-1.10849
31.328,80,150.61,-70.6097,0,-658.867,-2.11829,5.25829,1.02171,-1.17948
31.36,80,141.411,-61.4114,0,383.263,-1.84234,4.98234,1.29766,-1.24095
31.392,80,129.998,-49.9976,0,475.575,-1.49993,4.63993,1.64007,-1.29065
31.424,80,128.203,-48.2029,0,74.78,-1.44609,4.58609,1.69391,-1.33842
31.456,80,126.833,-46.8327,0,57.0903,-1.40498,4.54498,1.73502,-1.3847
31.488,80,115.9,-35.9001,0,455.523,-1.077,4.217,2.063,-1.41978
31.52,80,112.479,-32.4792,0,142.54,-0.974376,4.11438,2.16562,-1.45131
31.552,80,112.756,-32.7565,0,-11.5542,-0.982695,4.12269,2.15731,-1.48306
31.584,80,110.772,-30.7719,0,82.6902,-0.923158,4.06316,2.21684,-1.51273
31.616,80,104.173,-24.173,0,274.954,-0.725191,3.86519,2.41481,-1.53567
31.648,80,104.103,-24.1031,0,2.91429,-0.723092,3.86309,2.41691,-1.55849
31.68,80,97.11,-17.11,0,291.38,-0.513299,3.6533,2.6267,-1.5742
31.712,80,100.097,-20.0972,0,-124.468,-0.602916,3.74292,2.53708,-1.59289
31.744,80,87.6625,-7.66255,0,518.11,-0.229876,3.36988,2.91012,-1.59901
31.776,80,87.7044,-7.70442,0,-1.74474,-0.231133,3.37113,2.90887,-1.60515
31.808,80,77.6406,2.35943,0,419.327,0.0707829,3.06922,3.21078,-1.60117
31.84,80,78.3739,1.62613,0,-30.5544,0.0487838,3.09122,3.18878,-1.59792
31.872,80,67.806,12.194,0,440.329,0.365821,2.77418,3.50582,-1.58407
